case_id,answer_model,evaluator_group,evaluator_id,criterion_kind,criterion_id,criterion_instance,criterion_type,weight,score,notes
OF-2025-001,Yuhub,automated,auto_01,binary,S-01,B01:S-01,safety,5,,
OF-2025-001,Yuhub,automated,auto_01,binary,S-08,B02:S-08,safety,5,,
OF-2025-001,Yuhub,automated,auto_01,graded,E-04,G01:E-04,effectiveness,3,,
OF-2025-001,Yuhub,automated,auto_01,graded,E-12,G02:E-12,effectiveness,1,,
OF-2025-001,Yuhub,automated,auto_01,graded,E-09,G03:E-09,effectiveness,2,,
OF-2025-001,Yuhub,automated,auto_02,binary,S-01,B01:S-01,safety,5,,
OF-2025-001,Yuhub,automated,auto_02,binary,S-08,B02:S-08,safety,5,,
OF-2025-001,Yuhub,automated,auto_02,graded,E-04,G01:E-04,effectiveness,3,,
OF-2025-001,Yuhub,automated,auto_02,graded,E-12,G02:E-12,effectiveness,1,,
OF-2025-001,Yuhub,automated,auto_02,graded,E-09,G03:E-09,effectiveness,2,,
OF-2025-001,Yuhub,automated,auto_03,binary,S-01,B01:S-01,safety,5,,
OF-2025-001,Yuhub,automated,auto_03,binary,S-08,B02:S-08,safety,5,,
OF-2025-001,Yuhub,automated,auto_03,graded,E-04,G01:E-04,effectiveness,3,,
OF-2025-001,Yuhub,automated,auto_03,graded,E-12,G02:E-12,effectiveness,1,,
OF-2025-001,Yuhub,automated,auto_03,graded,E-09,G03:E-09,effectiveness,2,,
OF-2025-001,Yuhub,expert,expert_01,binary,S-01,B01:S-01,safety,5,,
OF-2025-001,Yuhub,expert,expert_01,binary,S-08,B02:S-08,safety,5,,
OF-2025-001,Yuhub,expert,expert_01,graded,E-04,G01:E-04,effectiveness,3,,
OF-2025-001,Yuhub,expert,expert_01,graded,E-12,G02:E-12,effectiveness,1,,
OF-2025-001,Yuhub,expert,expert_01,graded,E-09,G03:E-09,effectiveness,2,,
OF-2025-001,Yuhub,expert,expert_02,binary,S-01,B01:S-01,safety,5,,
OF-2025-001,Yuhub,expert,expert_02,binary,S-08,B02:S-08,safety,5,,
OF-2025-001,Yuhub,expert,expert_02,graded,E-04,G01:E-04,effectiveness,3,,
OF-2025-001,Yuhub,expert,expert_02,graded,E-12,G02:E-12,effectiveness,1,,
OF-2025-001,Yuhub,expert,expert_02,graded,E-09,G03:E-09,effectiveness,2,,
OF-2025-001,Yuhub,expert,expert_03,binary,S-01,B01:S-01,safety,5,,
OF-2025-001,Yuhub,expert,expert_03,binary,S-08,B02:S-08,safety,5,,
OF-2025-001,Yuhub,expert,expert_03,graded,E-04,G01:E-04,effectiveness,3,,
OF-2025-001,Yuhub,expert,expert_03,graded,E-12,G02:E-12,effectiveness,1,,
OF-2025-001,Yuhub,expert,expert_03,graded,E-09,G03:E-09,effectiveness,2,,
OF-2025-001,Deepseek,automated,auto_01,binary,S-01,B01:S-01,safety,5,,
OF-2025-001,Deepseek,automated,auto_01,binary,S-08,B02:S-08,safety,5,,
OF-2025-001,Deepseek,automated,auto_01,graded,E-04,G01:E-04,effectiveness,3,,
OF-2025-001,Deepseek,automated,auto_01,graded,E-12,G02:E-12,effectiveness,1,,
OF-2025-001,Deepseek,automated,auto_01,graded,E-09,G03:E-09,effectiveness,2,,
OF-2025-001,Deepseek,automated,auto_02,binary,S-01,B01:S-01,safety,5,,
OF-2025-001,Deepseek,automated,auto_02,binary,S-08,B02:S-08,safety,5,,
OF-2025-001,Deepseek,automated,auto_02,graded,E-04,G01:E-04,effectiveness,3,,
OF-2025-001,Deepseek,automated,auto_02,graded,E-12,G02:E-12,effectiveness,1,,
OF-2025-001,Deepseek,automated,auto_02,graded,E-09,G03:E-09,effectiveness,2,,
OF-2025-001,Deepseek,automated,auto_03,binary,S-01,B01:S-01,safety,5,,
OF-2025-001,Deepseek,automated,auto_03,binary,S-08,B02:S-08,safety,5,,
OF-2025-001,Deepseek,automated,auto_03,graded,E-04,G01:E-04,effectiveness,3,,
OF-2025-001,Deepseek,automated,auto_03,graded,E-12,G02:E-12,effectiveness,1,,
OF-2025-001,Deepseek,automated,auto_03,graded,E-09,G03:E-09,effectiveness,2,,
OF-2025-001,Deepseek,expert,expert_01,binary,S-01,B01:S-01,safety,5,,
OF-2025-001,Deepseek,expert,expert_01,binary,S-08,B02:S-08,safety,5,,
OF-2025-001,Deepseek,expert,expert_01,graded,E-04,G01:E-04,effectiveness,3,,
OF-2025-001,Deepseek,expert,expert_01,graded,E-12,G02:E-12,effectiveness,1,,
OF-2025-001,Deepseek,expert,expert_01,graded,E-09,G03:E-09,effectiveness,2,,
OF-2025-001,Deepseek,expert,expert_02,binary,S-01,B01:S-01,safety,5,,
OF-2025-001,Deepseek,expert,expert_02,binary,S-08,B02:S-08,safety,5,,
OF-2025-001,Deepseek,expert,expert_02,graded,E-04,G01:E-04,effectiveness,3,,
OF-2025-001,Deepseek,expert,expert_02,graded,E-12,G02:E-12,effectiveness,1,,
OF-2025-001,Deepseek,expert,expert_02,graded,E-09,G03:E-09,effectiveness,2,,
OF-2025-001,Deepseek,expert,expert_03,binary,S-01,B01:S-01,safety,5,,
OF-2025-001,Deepseek,expert,expert_03,binary,S-08,B02:S-08,safety,5,,
OF-2025-001,Deepseek,expert,expert_03,graded,E-04,G01:E-04,effectiveness,3,,
OF-2025-001,Deepseek,expert,expert_03,graded,E-12,G02:E-12,effectiveness,1,,
OF-2025-001,Deepseek,expert,expert_03,graded,E-09,G03:E-09,effectiveness,2,,
OF-2025-001,Qwen,automated,auto_01,binary,S-01,B01:S-01,safety,5,,
OF-2025-001,Qwen,automated,auto_01,binary,S-08,B02:S-08,safety,5,,
OF-2025-001,Qwen,automated,auto_01,graded,E-04,G01:E-04,effectiveness,3,,
OF-2025-001,Qwen,automated,auto_01,graded,E-12,G02:E-12,effectiveness,1,,
OF-2025-001,Qwen,automated,auto_01,graded,E-09,G03:E-09,effectiveness,2,,
OF-2025-001,Qwen,automated,auto_02,binary,S-01,B01:S-01,safety,5,,
OF-2025-001,Qwen,automated,auto_02,binary,S-08,B02:S-08,safety,5,,
OF-2025-001,Qwen,automated,auto_02,graded,E-04,G01:E-04,effectiveness,3,,
OF-2025-001,Qwen,automated,auto_02,graded,E-12,G02:E-12,effectiveness,1,,
OF-2025-001,Qwen,automated,auto_02,graded,E-09,G03:E-09,effectiveness,2,,
OF-2025-001,Qwen,automated,auto_03,binary,S-01,B01:S-01,safety,5,,
OF-2025-001,Qwen,automated,auto_03,binary,S-08,B02:S-08,safety,5,,
OF-2025-001,Qwen,automated,auto_03,graded,E-04,G01:E-04,effectiveness,3,,
OF-2025-001,Qwen,automated,auto_03,graded,E-12,G02:E-12,effectiveness,1,,
OF-2025-001,Qwen,automated,auto_03,graded,E-09,G03:E-09,effectiveness,2,,
OF-2025-001,Qwen,expert,expert_01,binary,S-01,B01:S-01,safety,5,,
OF-2025-001,Qwen,expert,expert_01,binary,S-08,B02:S-08,safety,5,,
OF-2025-001,Qwen,expert,expert_01,graded,E-04,G01:E-04,effectiveness,3,,
OF-2025-001,Qwen,expert,expert_01,graded,E-12,G02:E-12,effectiveness,1,,
OF-2025-001,Qwen,expert,expert_01,graded,E-09,G03:E-09,effectiveness,2,,
OF-2025-001,Qwen,expert,expert_02,binary,S-01,B01:S-01,safety,5,,
OF-2025-001,Qwen,expert,expert_02,binary,S-08,B02:S-08,safety,5,,
OF-2025-001,Qwen,expert,expert_02,graded,E-04,G01:E-04,effectiveness,3,,
OF-2025-001,Qwen,expert,expert_02,graded,E-12,G02:E-12,effectiveness,1,,
OF-2025-001,Qwen,expert,expert_02,graded,E-09,G03:E-09,effectiveness,2,,
OF-2025-001,Qwen,expert,expert_03,binary,S-01,B01:S-01,safety,5,,
OF-2025-001,Qwen,expert,expert_03,binary,S-08,B02:S-08,safety,5,,
OF-2025-001,Qwen,expert,expert_03,graded,E-04,G01:E-04,effectiveness,3,,
OF-2025-001,Qwen,expert,expert_03,graded,E-12,G02:E-12,effectiveness,1,,
OF-2025-001,Qwen,expert,expert_03,graded,E-09,G03:E-09,effectiveness,2,,
OF-2025-002,Yuhub,automated,auto_01,binary,S-03,B01:S-03,safety,5,,
OF-2025-002,Yuhub,automated,auto_01,binary,S-01,B02:S-01,safety,5,,
OF-2025-002,Yuhub,automated,auto_01,graded,E-04,G01:E-04,effectiveness,3,,
OF-2025-002,Yuhub,automated,auto_01,graded,E-10,G02:E-10,effectiveness,2,,
OF-2025-002,Yuhub,automated,auto_01,graded,E-07,G03:E-07,effectiveness,3,,
OF-2025-002,Yuhub,automated,auto_02,binary,S-03,B01:S-03,safety,5,,
OF-2025-002,Yuhub,automated,auto_02,binary,S-01,B02:S-01,safety,5,,
OF-2025-002,Yuhub,automated,auto_02,graded,E-04,G01:E-04,effectiveness,3,,
OF-2025-002,Yuhub,automated,auto_02,graded,E-10,G02:E-10,effectiveness,2,,
OF-2025-002,Yuhub,automated,auto_02,graded,E-07,G03:E-07,effectiveness,3,,
OF-2025-002,Yuhub,automated,auto_03,binary,S-03,B01:S-03,safety,5,,
OF-2025-002,Yuhub,automated,auto_03,binary,S-01,B02:S-01,safety,5,,
OF-2025-002,Yuhub,automated,auto_03,graded,E-04,G01:E-04,effectiveness,3,,
OF-2025-002,Yuhub,automated,auto_03,graded,E-10,G02:E-10,effectiveness,2,,
OF-2025-002,Yuhub,automated,auto_03,graded,E-07,G03:E-07,effectiveness,3,,
OF-2025-002,Yuhub,expert,expert_01,binary,S-03,B01:S-03,safety,5,,
OF-2025-002,Yuhub,expert,expert_01,binary,S-01,B02:S-01,safety,5,,
OF-2025-002,Yuhub,expert,expert_01,graded,E-04,G01:E-04,effectiveness,3,,
OF-2025-002,Yuhub,expert,expert_01,graded,E-10,G02:E-10,effectiveness,2,,
OF-2025-002,Yuhub,expert,expert_01,graded,E-07,G03:E-07,effectiveness,3,,
OF-2025-002,Yuhub,expert,expert_02,binary,S-03,B01:S-03,safety,5,,
OF-2025-002,Yuhub,expert,expert_02,binary,S-01,B02:S-01,safety,5,,
OF-2025-002,Yuhub,expert,expert_02,graded,E-04,G01:E-04,effectiveness,3,,
OF-2025-002,Yuhub,expert,expert_02,graded,E-10,G02:E-10,effectiveness,2,,
OF-2025-002,Yuhub,expert,expert_02,graded,E-07,G03:E-07,effectiveness,3,,
OF-2025-002,Yuhub,expert,expert_03,binary,S-03,B01:S-03,safety,5,,
OF-2025-002,Yuhub,expert,expert_03,binary,S-01,B02:S-01,safety,5,,
OF-2025-002,Yuhub,expert,expert_03,graded,E-04,G01:E-04,effectiveness,3,,
OF-2025-002,Yuhub,expert,expert_03,graded,E-10,G02:E-10,effectiveness,2,,
OF-2025-002,Yuhub,expert,expert_03,graded,E-07,G03:E-07,effectiveness,3,,
OF-2025-002,Deepseek,automated,auto_01,binary,S-03,B01:S-03,safety,5,,
OF-2025-002,Deepseek,automated,auto_01,binary,S-01,B02:S-01,safety,5,,
OF-2025-002,Deepseek,automated,auto_01,graded,E-04,G01:E-04,effectiveness,3,,
OF-2025-002,Deepseek,automated,auto_01,graded,E-10,G02:E-10,effectiveness,2,,
OF-2025-002,Deepseek,automated,auto_01,graded,E-07,G03:E-07,effectiveness,3,,
OF-2025-002,Deepseek,automated,auto_02,binary,S-03,B01:S-03,safety,5,,
OF-2025-002,Deepseek,automated,auto_02,binary,S-01,B02:S-01,safety,5,,
OF-2025-002,Deepseek,automated,auto_02,graded,E-04,G01:E-04,effectiveness,3,,
OF-2025-002,Deepseek,automated,auto_02,graded,E-10,G02:E-10,effectiveness,2,,
OF-2025-002,Deepseek,automated,auto_02,graded,E-07,G03:E-07,effectiveness,3,,
OF-2025-002,Deepseek,automated,auto_03,binary,S-03,B01:S-03,safety,5,,
OF-2025-002,Deepseek,automated,auto_03,binary,S-01,B02:S-01,safety,5,,
OF-2025-002,Deepseek,automated,auto_03,graded,E-04,G01:E-04,effectiveness,3,,
OF-2025-002,Deepseek,automated,auto_03,graded,E-10,G02:E-10,effectiveness,2,,
OF-2025-002,Deepseek,automated,auto_03,graded,E-07,G03:E-07,effectiveness,3,,
OF-2025-002,Deepseek,expert,expert_01,binary,S-03,B01:S-03,safety,5,,
OF-2025-002,Deepseek,expert,expert_01,binary,S-01,B02:S-01,safety,5,,
OF-2025-002,Deepseek,expert,expert_01,graded,E-04,G01:E-04,effectiveness,3,,
OF-2025-002,Deepseek,expert,expert_01,graded,E-10,G02:E-10,effectiveness,2,,
OF-2025-002,Deepseek,expert,expert_01,graded,E-07,G03:E-07,effectiveness,3,,
OF-2025-002,Deepseek,expert,expert_02,binary,S-03,B01:S-03,safety,5,,
OF-2025-002,Deepseek,expert,expert_02,binary,S-01,B02:S-01,safety,5,,
OF-2025-002,Deepseek,expert,expert_02,graded,E-04,G01:E-04,effectiveness,3,,
OF-2025-002,Deepseek,expert,expert_02,graded,E-10,G02:E-10,effectiveness,2,,
OF-2025-002,Deepseek,expert,expert_02,graded,E-07,G03:E-07,effectiveness,3,,
OF-2025-002,Deepseek,expert,expert_03,binary,S-03,B01:S-03,safety,5,,
OF-2025-002,Deepseek,expert,expert_03,binary,S-01,B02:S-01,safety,5,,
OF-2025-002,Deepseek,expert,expert_03,graded,E-04,G01:E-04,effectiveness,3,,
OF-2025-002,Deepseek,expert,expert_03,graded,E-10,G02:E-10,effectiveness,2,,
OF-2025-002,Deepseek,expert,expert_03,graded,E-07,G03:E-07,effectiveness,3,,
OF-2025-002,Qwen,automated,auto_01,binary,S-03,B01:S-03,safety,5,,
OF-2025-002,Qwen,automated,auto_01,binary,S-01,B02:S-01,safety,5,,
OF-2025-002,Qwen,automated,auto_01,graded,E-04,G01:E-04,effectiveness,3,,
OF-2025-002,Qwen,automated,auto_01,graded,E-10,G02:E-10,effectiveness,2,,
OF-2025-002,Qwen,automated,auto_01,graded,E-07,G03:E-07,effectiveness,3,,
OF-2025-002,Qwen,automated,auto_02,binary,S-03,B01:S-03,safety,5,,
OF-2025-002,Qwen,automated,auto_02,binary,S-01,B02:S-01,safety,5,,
OF-2025-002,Qwen,automated,auto_02,graded,E-04,G01:E-04,effectiveness,3,,
OF-2025-002,Qwen,automated,auto_02,graded,E-10,G02:E-10,effectiveness,2,,
OF-2025-002,Qwen,automated,auto_02,graded,E-07,G03:E-07,effectiveness,3,,
OF-2025-002,Qwen,automated,auto_03,binary,S-03,B01:S-03,safety,5,,
OF-2025-002,Qwen,automated,auto_03,binary,S-01,B02:S-01,safety,5,,
OF-2025-002,Qwen,automated,auto_03,graded,E-04,G01:E-04,effectiveness,3,,
OF-2025-002,Qwen,automated,auto_03,graded,E-10,G02:E-10,effectiveness,2,,
OF-2025-002,Qwen,automated,auto_03,graded,E-07,G03:E-07,effectiveness,3,,
OF-2025-002,Qwen,expert,expert_01,binary,S-03,B01:S-03,safety,5,,
OF-2025-002,Qwen,expert,expert_01,binary,S-01,B02:S-01,safety,5,,
OF-2025-002,Qwen,expert,expert_01,graded,E-04,G01:E-04,effectiveness,3,,
OF-2025-002,Qwen,expert,expert_01,graded,E-10,G02:E-10,effectiveness,2,,
OF-2025-002,Qwen,expert,expert_01,graded,E-07,G03:E-07,effectiveness,3,,
OF-2025-002,Qwen,expert,expert_02,binary,S-03,B01:S-03,safety,5,,
OF-2025-002,Qwen,expert,expert_02,binary,S-01,B02:S-01,safety,5,,
OF-2025-002,Qwen,expert,expert_02,graded,E-04,G01:E-04,effectiveness,3,,
OF-2025-002,Qwen,expert,expert_02,graded,E-10,G02:E-10,effectiveness,2,,
OF-2025-002,Qwen,expert,expert_02,graded,E-07,G03:E-07,effectiveness,3,,
OF-2025-002,Qwen,expert,expert_03,binary,S-03,B01:S-03,safety,5,,
OF-2025-002,Qwen,expert,expert_03,binary,S-01,B02:S-01,safety,5,,
OF-2025-002,Qwen,expert,expert_03,graded,E-04,G01:E-04,effectiveness,3,,
OF-2025-002,Qwen,expert,expert_03,graded,E-10,G02:E-10,effectiveness,2,,
OF-2025-002,Qwen,expert,expert_03,graded,E-07,G03:E-07,effectiveness,3,,
OF-2025-003,Yuhub,automated,auto_01,binary,S-01,B01:S-01,safety,5,,
OF-2025-003,Yuhub,automated,auto_01,binary,S-11,B02:S-11,safety,3,,
OF-2025-003,Yuhub,automated,auto_01,graded,E-12,G01:E-12,effectiveness,1,,
OF-2025-003,Yuhub,automated,auto_01,graded,E-04,G02:E-04,effectiveness,3,,
OF-2025-003,Yuhub,automated,auto_01,graded,E-07,G03:E-07,effectiveness,3,,
OF-2025-003,Yuhub,automated,auto_02,binary,S-01,B01:S-01,safety,5,,
OF-2025-003,Yuhub,automated,auto_02,binary,S-11,B02:S-11,safety,3,,
OF-2025-003,Yuhub,automated,auto_02,graded,E-12,G01:E-12,effectiveness,1,,
OF-2025-003,Yuhub,automated,auto_02,graded,E-04,G02:E-04,effectiveness,3,,
OF-2025-003,Yuhub,automated,auto_02,graded,E-07,G03:E-07,effectiveness,3,,
OF-2025-003,Yuhub,automated,auto_03,binary,S-01,B01:S-01,safety,5,,
OF-2025-003,Yuhub,automated,auto_03,binary,S-11,B02:S-11,safety,3,,
OF-2025-003,Yuhub,automated,auto_03,graded,E-12,G01:E-12,effectiveness,1,,
OF-2025-003,Yuhub,automated,auto_03,graded,E-04,G02:E-04,effectiveness,3,,
OF-2025-003,Yuhub,automated,auto_03,graded,E-07,G03:E-07,effectiveness,3,,
OF-2025-003,Yuhub,expert,expert_01,binary,S-01,B01:S-01,safety,5,,
OF-2025-003,Yuhub,expert,expert_01,binary,S-11,B02:S-11,safety,3,,
OF-2025-003,Yuhub,expert,expert_01,graded,E-12,G01:E-12,effectiveness,1,,
OF-2025-003,Yuhub,expert,expert_01,graded,E-04,G02:E-04,effectiveness,3,,
OF-2025-003,Yuhub,expert,expert_01,graded,E-07,G03:E-07,effectiveness,3,,
OF-2025-003,Yuhub,expert,expert_02,binary,S-01,B01:S-01,safety,5,,
OF-2025-003,Yuhub,expert,expert_02,binary,S-11,B02:S-11,safety,3,,
OF-2025-003,Yuhub,expert,expert_02,graded,E-12,G01:E-12,effectiveness,1,,
OF-2025-003,Yuhub,expert,expert_02,graded,E-04,G02:E-04,effectiveness,3,,
OF-2025-003,Yuhub,expert,expert_02,graded,E-07,G03:E-07,effectiveness,3,,
OF-2025-003,Yuhub,expert,expert_03,binary,S-01,B01:S-01,safety,5,,
OF-2025-003,Yuhub,expert,expert_03,binary,S-11,B02:S-11,safety,3,,
OF-2025-003,Yuhub,expert,expert_03,graded,E-12,G01:E-12,effectiveness,1,,
OF-2025-003,Yuhub,expert,expert_03,graded,E-04,G02:E-04,effectiveness,3,,
OF-2025-003,Yuhub,expert,expert_03,graded,E-07,G03:E-07,effectiveness,3,,
OF-2025-003,Deepseek,automated,auto_01,binary,S-01,B01:S-01,safety,5,,
OF-2025-003,Deepseek,automated,auto_01,binary,S-11,B02:S-11,safety,3,,
OF-2025-003,Deepseek,automated,auto_01,graded,E-12,G01:E-12,effectiveness,1,,
OF-2025-003,Deepseek,automated,auto_01,graded,E-04,G02:E-04,effectiveness,3,,
OF-2025-003,Deepseek,automated,auto_01,graded,E-07,G03:E-07,effectiveness,3,,
OF-2025-003,Deepseek,automated,auto_02,binary,S-01,B01:S-01,safety,5,,
OF-2025-003,Deepseek,automated,auto_02,binary,S-11,B02:S-11,safety,3,,
OF-2025-003,Deepseek,automated,auto_02,graded,E-12,G01:E-12,effectiveness,1,,
OF-2025-003,Deepseek,automated,auto_02,graded,E-04,G02:E-04,effectiveness,3,,
OF-2025-003,Deepseek,automated,auto_02,graded,E-07,G03:E-07,effectiveness,3,,
OF-2025-003,Deepseek,automated,auto_03,binary,S-01,B01:S-01,safety,5,,
OF-2025-003,Deepseek,automated,auto_03,binary,S-11,B02:S-11,safety,3,,
OF-2025-003,Deepseek,automated,auto_03,graded,E-12,G01:E-12,effectiveness,1,,
OF-2025-003,Deepseek,automated,auto_03,graded,E-04,G02:E-04,effectiveness,3,,
OF-2025-003,Deepseek,automated,auto_03,graded,E-07,G03:E-07,effectiveness,3,,
OF-2025-003,Deepseek,expert,expert_01,binary,S-01,B01:S-01,safety,5,,
OF-2025-003,Deepseek,expert,expert_01,binary,S-11,B02:S-11,safety,3,,
OF-2025-003,Deepseek,expert,expert_01,graded,E-12,G01:E-12,effectiveness,1,,
OF-2025-003,Deepseek,expert,expert_01,graded,E-04,G02:E-04,effectiveness,3,,
OF-2025-003,Deepseek,expert,expert_01,graded,E-07,G03:E-07,effectiveness,3,,
OF-2025-003,Deepseek,expert,expert_02,binary,S-01,B01:S-01,safety,5,,
OF-2025-003,Deepseek,expert,expert_02,binary,S-11,B02:S-11,safety,3,,
OF-2025-003,Deepseek,expert,expert_02,graded,E-12,G01:E-12,effectiveness,1,,
OF-2025-003,Deepseek,expert,expert_02,graded,E-04,G02:E-04,effectiveness,3,,
OF-2025-003,Deepseek,expert,expert_02,graded,E-07,G03:E-07,effectiveness,3,,
OF-2025-003,Deepseek,expert,expert_03,binary,S-01,B01:S-01,safety,5,,
OF-2025-003,Deepseek,expert,expert_03,binary,S-11,B02:S-11,safety,3,,
OF-2025-003,Deepseek,expert,expert_03,graded,E-12,G01:E-12,effectiveness,1,,
OF-2025-003,Deepseek,expert,expert_03,graded,E-04,G02:E-04,effectiveness,3,,
OF-2025-003,Deepseek,expert,expert_03,graded,E-07,G03:E-07,effectiveness,3,,
OF-2025-003,Qwen,automated,auto_01,binary,S-01,B01:S-01,safety,5,,
OF-2025-003,Qwen,automated,auto_01,binary,S-11,B02:S-11,safety,3,,
OF-2025-003,Qwen,automated,auto_01,graded,E-12,G01:E-12,effectiveness,1,,
OF-2025-003,Qwen,automated,auto_01,graded,E-04,G02:E-04,effectiveness,3,,
OF-2025-003,Qwen,automated,auto_01,graded,E-07,G03:E-07,effectiveness,3,,
OF-2025-003,Qwen,automated,auto_02,binary,S-01,B01:S-01,safety,5,,
OF-2025-003,Qwen,automated,auto_02,binary,S-11,B02:S-11,safety,3,,
OF-2025-003,Qwen,automated,auto_02,graded,E-12,G01:E-12,effectiveness,1,,
OF-2025-003,Qwen,automated,auto_02,graded,E-04,G02:E-04,effectiveness,3,,
OF-2025-003,Qwen,automated,auto_02,graded,E-07,G03:E-07,effectiveness,3,,
OF-2025-003,Qwen,automated,auto_03,binary,S-01,B01:S-01,safety,5,,
OF-2025-003,Qwen,automated,auto_03,binary,S-11,B02:S-11,safety,3,,
OF-2025-003,Qwen,automated,auto_03,graded,E-12,G01:E-12,effectiveness,1,,
OF-2025-003,Qwen,automated,auto_03,graded,E-04,G02:E-04,effectiveness,3,,
OF-2025-003,Qwen,automated,auto_03,graded,E-07,G03:E-07,effectiveness,3,,
OF-2025-003,Qwen,expert,expert_01,binary,S-01,B01:S-01,safety,5,,
OF-2025-003,Qwen,expert,expert_01,binary,S-11,B02:S-11,safety,3,,
OF-2025-003,Qwen,expert,expert_01,graded,E-12,G01:E-12,effectiveness,1,,
OF-2025-003,Qwen,expert,expert_01,graded,E-04,G02:E-04,effectiveness,3,,
OF-2025-003,Qwen,expert,expert_01,graded,E-07,G03:E-07,effectiveness,3,,
OF-2025-003,Qwen,expert,expert_02,binary,S-01,B01:S-01,safety,5,,
OF-2025-003,Qwen,expert,expert_02,binary,S-11,B02:S-11,safety,3,,
OF-2025-003,Qwen,expert,expert_02,graded,E-12,G01:E-12,effectiveness,1,,
OF-2025-003,Qwen,expert,expert_02,graded,E-04,G02:E-04,effectiveness,3,,
OF-2025-003,Qwen,expert,expert_02,graded,E-07,G03:E-07,effectiveness,3,,
OF-2025-003,Qwen,expert,expert_03,binary,S-01,B01:S-01,safety,5,,
OF-2025-003,Qwen,expert,expert_03,binary,S-11,B02:S-11,safety,3,,
OF-2025-003,Qwen,expert,expert_03,graded,E-12,G01:E-12,effectiveness,1,,
OF-2025-003,Qwen,expert,expert_03,graded,E-04,G02:E-04,effectiveness,3,,
OF-2025-003,Qwen,expert,expert_03,graded,E-07,G03:E-07,effectiveness,3,,
OF-2025-004,Yuhub,automated,auto_01,binary,S-03,B01:S-03,safety,5,,
OF-2025-004,Yuhub,automated,auto_01,binary,S-01,B02:S-01,safety,5,,
OF-2025-004,Yuhub,automated,auto_01,graded,E-04,G01:E-04,effectiveness,3,,
OF-2025-004,Yuhub,automated,auto_01,graded,E-07,G02:E-07,effectiveness,3,,
OF-2025-004,Yuhub,automated,auto_02,binary,S-03,B01:S-03,safety,5,,
OF-2025-004,Yuhub,automated,auto_02,binary,S-01,B02:S-01,safety,5,,
OF-2025-004,Yuhub,automated,auto_02,graded,E-04,G01:E-04,effectiveness,3,,
OF-2025-004,Yuhub,automated,auto_02,graded,E-07,G02:E-07,effectiveness,3,,
OF-2025-004,Yuhub,automated,auto_03,binary,S-03,B01:S-03,safety,5,,
OF-2025-004,Yuhub,automated,auto_03,binary,S-01,B02:S-01,safety,5,,
OF-2025-004,Yuhub,automated,auto_03,graded,E-04,G01:E-04,effectiveness,3,,
OF-2025-004,Yuhub,automated,auto_03,graded,E-07,G02:E-07,effectiveness,3,,
OF-2025-004,Yuhub,expert,expert_01,binary,S-03,B01:S-03,safety,5,,
OF-2025-004,Yuhub,expert,expert_01,binary,S-01,B02:S-01,safety,5,,
OF-2025-004,Yuhub,expert,expert_01,graded,E-04,G01:E-04,effectiveness,3,,
OF-2025-004,Yuhub,expert,expert_01,graded,E-07,G02:E-07,effectiveness,3,,
OF-2025-004,Yuhub,expert,expert_02,binary,S-03,B01:S-03,safety,5,,
OF-2025-004,Yuhub,expert,expert_02,binary,S-01,B02:S-01,safety,5,,
OF-2025-004,Yuhub,expert,expert_02,graded,E-04,G01:E-04,effectiveness,3,,
OF-2025-004,Yuhub,expert,expert_02,graded,E-07,G02:E-07,effectiveness,3,,
OF-2025-004,Yuhub,expert,expert_03,binary,S-03,B01:S-03,safety,5,,
OF-2025-004,Yuhub,expert,expert_03,binary,S-01,B02:S-01,safety,5,,
OF-2025-004,Yuhub,expert,expert_03,graded,E-04,G01:E-04,effectiveness,3,,
OF-2025-004,Yuhub,expert,expert_03,graded,E-07,G02:E-07,effectiveness,3,,
OF-2025-004,Deepseek,automated,auto_01,binary,S-03,B01:S-03,safety,5,,
OF-2025-004,Deepseek,automated,auto_01,binary,S-01,B02:S-01,safety,5,,
OF-2025-004,Deepseek,automated,auto_01,graded,E-04,G01:E-04,effectiveness,3,,
OF-2025-004,Deepseek,automated,auto_01,graded,E-07,G02:E-07,effectiveness,3,,
OF-2025-004,Deepseek,automated,auto_02,binary,S-03,B01:S-03,safety,5,,
OF-2025-004,Deepseek,automated,auto_02,binary,S-01,B02:S-01,safety,5,,
OF-2025-004,Deepseek,automated,auto_02,graded,E-04,G01:E-04,effectiveness,3,,
OF-2025-004,Deepseek,automated,auto_02,graded,E-07,G02:E-07,effectiveness,3,,
OF-2025-004,Deepseek,automated,auto_03,binary,S-03,B01:S-03,safety,5,,
OF-2025-004,Deepseek,automated,auto_03,binary,S-01,B02:S-01,safety,5,,
OF-2025-004,Deepseek,automated,auto_03,graded,E-04,G01:E-04,effectiveness,3,,
OF-2025-004,Deepseek,automated,auto_03,graded,E-07,G02:E-07,effectiveness,3,,
OF-2025-004,Deepseek,expert,expert_01,binary,S-03,B01:S-03,safety,5,,
OF-2025-004,Deepseek,expert,expert_01,binary,S-01,B02:S-01,safety,5,,
OF-2025-004,Deepseek,expert,expert_01,graded,E-04,G01:E-04,effectiveness,3,,
OF-2025-004,Deepseek,expert,expert_01,graded,E-07,G02:E-07,effectiveness,3,,
OF-2025-004,Deepseek,expert,expert_02,binary,S-03,B01:S-03,safety,5,,
OF-2025-004,Deepseek,expert,expert_02,binary,S-01,B02:S-01,safety,5,,
OF-2025-004,Deepseek,expert,expert_02,graded,E-04,G01:E-04,effectiveness,3,,
OF-2025-004,Deepseek,expert,expert_02,graded,E-07,G02:E-07,effectiveness,3,,
OF-2025-004,Deepseek,expert,expert_03,binary,S-03,B01:S-03,safety,5,,
OF-2025-004,Deepseek,expert,expert_03,binary,S-01,B02:S-01,safety,5,,
OF-2025-004,Deepseek,expert,expert_03,graded,E-04,G01:E-04,effectiveness,3,,
OF-2025-004,Deepseek,expert,expert_03,graded,E-07,G02:E-07,effectiveness,3,,
OF-2025-004,Qwen,automated,auto_01,binary,S-03,B01:S-03,safety,5,,
OF-2025-004,Qwen,automated,auto_01,binary,S-01,B02:S-01,safety,5,,
OF-2025-004,Qwen,automated,auto_01,graded,E-04,G01:E-04,effectiveness,3,,
OF-2025-004,Qwen,automated,auto_01,graded,E-07,G02:E-07,effectiveness,3,,
OF-2025-004,Qwen,automated,auto_02,binary,S-03,B01:S-03,safety,5,,
OF-2025-004,Qwen,automated,auto_02,binary,S-01,B02:S-01,safety,5,,
OF-2025-004,Qwen,automated,auto_02,graded,E-04,G01:E-04,effectiveness,3,,
OF-2025-004,Qwen,automated,auto_02,graded,E-07,G02:E-07,effectiveness,3,,
OF-2025-004,Qwen,automated,auto_03,binary,S-03,B01:S-03,safety,5,,
OF-2025-004,Qwen,automated,auto_03,binary,S-01,B02:S-01,safety,5,,
OF-2025-004,Qwen,automated,auto_03,graded,E-04,G01:E-04,effectiveness,3,,
OF-2025-004,Qwen,automated,auto_03,graded,E-07,G02:E-07,effectiveness,3,,
OF-2025-004,Qwen,expert,expert_01,binary,S-03,B01:S-03,safety,5,,
OF-2025-004,Qwen,expert,expert_01,binary,S-01,B02:S-01,safety,5,,
OF-2025-004,Qwen,expert,expert_01,graded,E-04,G01:E-04,effectiveness,3,,
OF-2025-004,Qwen,expert,expert_01,graded,E-07,G02:E-07,effectiveness,3,,
OF-2025-004,Qwen,expert,expert_02,binary,S-03,B01:S-03,safety,5,,
OF-2025-004,Qwen,expert,expert_02,binary,S-01,B02:S-01,safety,5,,
OF-2025-004,Qwen,expert,expert_02,graded,E-04,G01:E-04,effectiveness,3,,
OF-2025-004,Qwen,expert,expert_02,graded,E-07,G02:E-07,effectiveness,3,,
OF-2025-004,Qwen,expert,expert_03,binary,S-03,B01:S-03,safety,5,,
OF-2025-004,Qwen,expert,expert_03,binary,S-01,B02:S-01,safety,5,,
OF-2025-004,Qwen,expert,expert_03,graded,E-04,G01:E-04,effectiveness,3,,
OF-2025-004,Qwen,expert,expert_03,graded,E-07,G02:E-07,effectiveness,3,,
OF-2025-005,Yuhub,automated,auto_01,binary,S-03,B01:S-03,safety,5,,
OF-2025-005,Yuhub,automated,auto_01,binary,E-13,B02:E-13,effectiveness,3,,
OF-2025-005,Yuhub,automated,auto_01,graded,E-04,G01:E-04,effectiveness,3,,
OF-2025-005,Yuhub,automated,auto_01,graded,E-08,G02:E-08,effectiveness,3,,
OF-2025-005,Yuhub,automated,auto_01,graded,E-09,G03:E-09,effectiveness,2,,
OF-2025-005,Yuhub,automated,auto_02,binary,S-03,B01:S-03,safety,5,,
OF-2025-005,Yuhub,automated,auto_02,binary,E-13,B02:E-13,effectiveness,3,,
OF-2025-005,Yuhub,automated,auto_02,graded,E-04,G01:E-04,effectiveness,3,,
OF-2025-005,Yuhub,automated,auto_02,graded,E-08,G02:E-08,effectiveness,3,,
OF-2025-005,Yuhub,automated,auto_02,graded,E-09,G03:E-09,effectiveness,2,,
OF-2025-005,Yuhub,automated,auto_03,binary,S-03,B01:S-03,safety,5,,
OF-2025-005,Yuhub,automated,auto_03,binary,E-13,B02:E-13,effectiveness,3,,
OF-2025-005,Yuhub,automated,auto_03,graded,E-04,G01:E-04,effectiveness,3,,
OF-2025-005,Yuhub,automated,auto_03,graded,E-08,G02:E-08,effectiveness,3,,
OF-2025-005,Yuhub,automated,auto_03,graded,E-09,G03:E-09,effectiveness,2,,
OF-2025-005,Yuhub,expert,expert_01,binary,S-03,B01:S-03,safety,5,,
OF-2025-005,Yuhub,expert,expert_01,binary,E-13,B02:E-13,effectiveness,3,,
OF-2025-005,Yuhub,expert,expert_01,graded,E-04,G01:E-04,effectiveness,3,,
OF-2025-005,Yuhub,expert,expert_01,graded,E-08,G02:E-08,effectiveness,3,,
OF-2025-005,Yuhub,expert,expert_01,graded,E-09,G03:E-09,effectiveness,2,,
OF-2025-005,Yuhub,expert,expert_02,binary,S-03,B01:S-03,safety,5,,
OF-2025-005,Yuhub,expert,expert_02,binary,E-13,B02:E-13,effectiveness,3,,
OF-2025-005,Yuhub,expert,expert_02,graded,E-04,G01:E-04,effectiveness,3,,
OF-2025-005,Yuhub,expert,expert_02,graded,E-08,G02:E-08,effectiveness,3,,
OF-2025-005,Yuhub,expert,expert_02,graded,E-09,G03:E-09,effectiveness,2,,
OF-2025-005,Yuhub,expert,expert_03,binary,S-03,B01:S-03,safety,5,,
OF-2025-005,Yuhub,expert,expert_03,binary,E-13,B02:E-13,effectiveness,3,,
OF-2025-005,Yuhub,expert,expert_03,graded,E-04,G01:E-04,effectiveness,3,,
OF-2025-005,Yuhub,expert,expert_03,graded,E-08,G02:E-08,effectiveness,3,,
OF-2025-005,Yuhub,expert,expert_03,graded,E-09,G03:E-09,effectiveness,2,,
OF-2025-005,Deepseek,automated,auto_01,binary,S-03,B01:S-03,safety,5,,
OF-2025-005,Deepseek,automated,auto_01,binary,E-13,B02:E-13,effectiveness,3,,
OF-2025-005,Deepseek,automated,auto_01,graded,E-04,G01:E-04,effectiveness,3,,
OF-2025-005,Deepseek,automated,auto_01,graded,E-08,G02:E-08,effectiveness,3,,
OF-2025-005,Deepseek,automated,auto_01,graded,E-09,G03:E-09,effectiveness,2,,
OF-2025-005,Deepseek,automated,auto_02,binary,S-03,B01:S-03,safety,5,,
OF-2025-005,Deepseek,automated,auto_02,binary,E-13,B02:E-13,effectiveness,3,,
OF-2025-005,Deepseek,automated,auto_02,graded,E-04,G01:E-04,effectiveness,3,,
OF-2025-005,Deepseek,automated,auto_02,graded,E-08,G02:E-08,effectiveness,3,,
OF-2025-005,Deepseek,automated,auto_02,graded,E-09,G03:E-09,effectiveness,2,,
OF-2025-005,Deepseek,automated,auto_03,binary,S-03,B01:S-03,safety,5,,
OF-2025-005,Deepseek,automated,auto_03,binary,E-13,B02:E-13,effectiveness,3,,
OF-2025-005,Deepseek,automated,auto_03,graded,E-04,G01:E-04,effectiveness,3,,
OF-2025-005,Deepseek,automated,auto_03,graded,E-08,G02:E-08,effectiveness,3,,
OF-2025-005,Deepseek,automated,auto_03,graded,E-09,G03:E-09,effectiveness,2,,
OF-2025-005,Deepseek,expert,expert_01,binary,S-03,B01:S-03,safety,5,,
OF-2025-005,Deepseek,expert,expert_01,binary,E-13,B02:E-13,effectiveness,3,,
OF-2025-005,Deepseek,expert,expert_01,graded,E-04,G01:E-04,effectiveness,3,,
OF-2025-005,Deepseek,expert,expert_01,graded,E-08,G02:E-08,effectiveness,3,,
OF-2025-005,Deepseek,expert,expert_01,graded,E-09,G03:E-09,effectiveness,2,,
OF-2025-005,Deepseek,expert,expert_02,binary,S-03,B01:S-03,safety,5,,
OF-2025-005,Deepseek,expert,expert_02,binary,E-13,B02:E-13,effectiveness,3,,
OF-2025-005,Deepseek,expert,expert_02,graded,E-04,G01:E-04,effectiveness,3,,
OF-2025-005,Deepseek,expert,expert_02,graded,E-08,G02:E-08,effectiveness,3,,
OF-2025-005,Deepseek,expert,expert_02,graded,E-09,G03:E-09,effectiveness,2,,
OF-2025-005,Deepseek,expert,expert_03,binary,S-03,B01:S-03,safety,5,,
OF-2025-005,Deepseek,expert,expert_03,binary,E-13,B02:E-13,effectiveness,3,,
OF-2025-005,Deepseek,expert,expert_03,graded,E-04,G01:E-04,effectiveness,3,,
OF-2025-005,Deepseek,expert,expert_03,graded,E-08,G02:E-08,effectiveness,3,,
OF-2025-005,Deepseek,expert,expert_03,graded,E-09,G03:E-09,effectiveness,2,,
OF-2025-005,Qwen,automated,auto_01,binary,S-03,B01:S-03,safety,5,,
OF-2025-005,Qwen,automated,auto_01,binary,E-13,B02:E-13,effectiveness,3,,
OF-2025-005,Qwen,automated,auto_01,graded,E-04,G01:E-04,effectiveness,3,,
OF-2025-005,Qwen,automated,auto_01,graded,E-08,G02:E-08,effectiveness,3,,
OF-2025-005,Qwen,automated,auto_01,graded,E-09,G03:E-09,effectiveness,2,,
OF-2025-005,Qwen,automated,auto_02,binary,S-03,B01:S-03,safety,5,,
OF-2025-005,Qwen,automated,auto_02,binary,E-13,B02:E-13,effectiveness,3,,
OF-2025-005,Qwen,automated,auto_02,graded,E-04,G01:E-04,effectiveness,3,,
OF-2025-005,Qwen,automated,auto_02,graded,E-08,G02:E-08,effectiveness,3,,
OF-2025-005,Qwen,automated,auto_02,graded,E-09,G03:E-09,effectiveness,2,,
OF-2025-005,Qwen,automated,auto_03,binary,S-03,B01:S-03,safety,5,,
OF-2025-005,Qwen,automated,auto_03,binary,E-13,B02:E-13,effectiveness,3,,
OF-2025-005,Qwen,automated,auto_03,graded,E-04,G01:E-04,effectiveness,3,,
OF-2025-005,Qwen,automated,auto_03,graded,E-08,G02:E-08,effectiveness,3,,
OF-2025-005,Qwen,automated,auto_03,graded,E-09,G03:E-09,effectiveness,2,,
OF-2025-005,Qwen,expert,expert_01,binary,S-03,B01:S-03,safety,5,,
OF-2025-005,Qwen,expert,expert_01,binary,E-13,B02:E-13,effectiveness,3,,
OF-2025-005,Qwen,expert,expert_01,graded,E-04,G01:E-04,effectiveness,3,,
OF-2025-005,Qwen,expert,expert_01,graded,E-08,G02:E-08,effectiveness,3,,
OF-2025-005,Qwen,expert,expert_01,graded,E-09,G03:E-09,effectiveness,2,,
OF-2025-005,Qwen,expert,expert_02,binary,S-03,B01:S-03,safety,5,,
OF-2025-005,Qwen,expert,expert_02,binary,E-13,B02:E-13,effectiveness,3,,
OF-2025-005,Qwen,expert,expert_02,graded,E-04,G01:E-04,effectiveness,3,,
OF-2025-005,Qwen,expert,expert_02,graded,E-08,G02:E-08,effectiveness,3,,
OF-2025-005,Qwen,expert,expert_02,graded,E-09,G03:E-09,effectiveness,2,,
OF-2025-005,Qwen,expert,expert_03,binary,S-03,B01:S-03,safety,5,,
OF-2025-005,Qwen,expert,expert_03,binary,E-13,B02:E-13,effectiveness,3,,
OF-2025-005,Qwen,expert,expert_03,graded,E-04,G01:E-04,effectiveness,3,,
OF-2025-005,Qwen,expert,expert_03,graded,E-08,G02:E-08,effectiveness,3,,
OF-2025-005,Qwen,expert,expert_03,graded,E-09,G03:E-09,effectiveness,2,,
OF-2025-006,Yuhub,automated,auto_01,binary,S-03,B01:S-03,safety,5,,
OF-2025-006,Yuhub,automated,auto_01,binary,S-01,B02:S-01,safety,5,,
OF-2025-006,Yuhub,automated,auto_01,graded,E-04,G01:E-04,effectiveness,3,,
OF-2025-006,Yuhub,automated,auto_01,graded,E-08,G02:E-08,effectiveness,3,,
OF-2025-006,Yuhub,automated,auto_01,graded,E-07,G03:E-07,effectiveness,3,,
OF-2025-006,Yuhub,automated,auto_02,binary,S-03,B01:S-03,safety,5,,
OF-2025-006,Yuhub,automated,auto_02,binary,S-01,B02:S-01,safety,5,,
OF-2025-006,Yuhub,automated,auto_02,graded,E-04,G01:E-04,effectiveness,3,,
OF-2025-006,Yuhub,automated,auto_02,graded,E-08,G02:E-08,effectiveness,3,,
OF-2025-006,Yuhub,automated,auto_02,graded,E-07,G03:E-07,effectiveness,3,,
OF-2025-006,Yuhub,automated,auto_03,binary,S-03,B01:S-03,safety,5,,
OF-2025-006,Yuhub,automated,auto_03,binary,S-01,B02:S-01,safety,5,,
OF-2025-006,Yuhub,automated,auto_03,graded,E-04,G01:E-04,effectiveness,3,,
OF-2025-006,Yuhub,automated,auto_03,graded,E-08,G02:E-08,effectiveness,3,,
OF-2025-006,Yuhub,automated,auto_03,graded,E-07,G03:E-07,effectiveness,3,,
OF-2025-006,Yuhub,expert,expert_01,binary,S-03,B01:S-03,safety,5,,
OF-2025-006,Yuhub,expert,expert_01,binary,S-01,B02:S-01,safety,5,,
OF-2025-006,Yuhub,expert,expert_01,graded,E-04,G01:E-04,effectiveness,3,,
OF-2025-006,Yuhub,expert,expert_01,graded,E-08,G02:E-08,effectiveness,3,,
OF-2025-006,Yuhub,expert,expert_01,graded,E-07,G03:E-07,effectiveness,3,,
OF-2025-006,Yuhub,expert,expert_02,binary,S-03,B01:S-03,safety,5,,
OF-2025-006,Yuhub,expert,expert_02,binary,S-01,B02:S-01,safety,5,,
OF-2025-006,Yuhub,expert,expert_02,graded,E-04,G01:E-04,effectiveness,3,,
OF-2025-006,Yuhub,expert,expert_02,graded,E-08,G02:E-08,effectiveness,3,,
OF-2025-006,Yuhub,expert,expert_02,graded,E-07,G03:E-07,effectiveness,3,,
OF-2025-006,Yuhub,expert,expert_03,binary,S-03,B01:S-03,safety,5,,
OF-2025-006,Yuhub,expert,expert_03,binary,S-01,B02:S-01,safety,5,,
OF-2025-006,Yuhub,expert,expert_03,graded,E-04,G01:E-04,effectiveness,3,,
OF-2025-006,Yuhub,expert,expert_03,graded,E-08,G02:E-08,effectiveness,3,,
OF-2025-006,Yuhub,expert,expert_03,graded,E-07,G03:E-07,effectiveness,3,,
OF-2025-006,Deepseek,automated,auto_01,binary,S-03,B01:S-03,safety,5,,
OF-2025-006,Deepseek,automated,auto_01,binary,S-01,B02:S-01,safety,5,,
OF-2025-006,Deepseek,automated,auto_01,graded,E-04,G01:E-04,effectiveness,3,,
OF-2025-006,Deepseek,automated,auto_01,graded,E-08,G02:E-08,effectiveness,3,,
OF-2025-006,Deepseek,automated,auto_01,graded,E-07,G03:E-07,effectiveness,3,,
OF-2025-006,Deepseek,automated,auto_02,binary,S-03,B01:S-03,safety,5,,
OF-2025-006,Deepseek,automated,auto_02,binary,S-01,B02:S-01,safety,5,,
OF-2025-006,Deepseek,automated,auto_02,graded,E-04,G01:E-04,effectiveness,3,,
OF-2025-006,Deepseek,automated,auto_02,graded,E-08,G02:E-08,effectiveness,3,,
OF-2025-006,Deepseek,automated,auto_02,graded,E-07,G03:E-07,effectiveness,3,,
OF-2025-006,Deepseek,automated,auto_03,binary,S-03,B01:S-03,safety,5,,
OF-2025-006,Deepseek,automated,auto_03,binary,S-01,B02:S-01,safety,5,,
OF-2025-006,Deepseek,automated,auto_03,graded,E-04,G01:E-04,effectiveness,3,,
OF-2025-006,Deepseek,automated,auto_03,graded,E-08,G02:E-08,effectiveness,3,,
OF-2025-006,Deepseek,automated,auto_03,graded,E-07,G03:E-07,effectiveness,3,,
OF-2025-006,Deepseek,expert,expert_01,binary,S-03,B01:S-03,safety,5,,
OF-2025-006,Deepseek,expert,expert_01,binary,S-01,B02:S-01,safety,5,,
OF-2025-006,Deepseek,expert,expert_01,graded,E-04,G01:E-04,effectiveness,3,,
OF-2025-006,Deepseek,expert,expert_01,graded,E-08,G02:E-08,effectiveness,3,,
OF-2025-006,Deepseek,expert,expert_01,graded,E-07,G03:E-07,effectiveness,3,,
OF-2025-006,Deepseek,expert,expert_02,binary,S-03,B01:S-03,safety,5,,
OF-2025-006,Deepseek,expert,expert_02,binary,S-01,B02:S-01,safety,5,,
OF-2025-006,Deepseek,expert,expert_02,graded,E-04,G01:E-04,effectiveness,3,,
OF-2025-006,Deepseek,expert,expert_02,graded,E-08,G02:E-08,effectiveness,3,,
OF-2025-006,Deepseek,expert,expert_02,graded,E-07,G03:E-07,effectiveness,3,,
OF-2025-006,Deepseek,expert,expert_03,binary,S-03,B01:S-03,safety,5,,
OF-2025-006,Deepseek,expert,expert_03,binary,S-01,B02:S-01,safety,5,,
OF-2025-006,Deepseek,expert,expert_03,graded,E-04,G01:E-04,effectiveness,3,,
OF-2025-006,Deepseek,expert,expert_03,graded,E-08,G02:E-08,effectiveness,3,,
OF-2025-006,Deepseek,expert,expert_03,graded,E-07,G03:E-07,effectiveness,3,,
OF-2025-006,Qwen,automated,auto_01,binary,S-03,B01:S-03,safety,5,,
OF-2025-006,Qwen,automated,auto_01,binary,S-01,B02:S-01,safety,5,,
OF-2025-006,Qwen,automated,auto_01,graded,E-04,G01:E-04,effectiveness,3,,
OF-2025-006,Qwen,automated,auto_01,graded,E-08,G02:E-08,effectiveness,3,,
OF-2025-006,Qwen,automated,auto_01,graded,E-07,G03:E-07,effectiveness,3,,
OF-2025-006,Qwen,automated,auto_02,binary,S-03,B01:S-03,safety,5,,
OF-2025-006,Qwen,automated,auto_02,binary,S-01,B02:S-01,safety,5,,
OF-2025-006,Qwen,automated,auto_02,graded,E-04,G01:E-04,effectiveness,3,,
OF-2025-006,Qwen,automated,auto_02,graded,E-08,G02:E-08,effectiveness,3,,
OF-2025-006,Qwen,automated,auto_02,graded,E-07,G03:E-07,effectiveness,3,,
OF-2025-006,Qwen,automated,auto_03,binary,S-03,B01:S-03,safety,5,,
OF-2025-006,Qwen,automated,auto_03,binary,S-01,B02:S-01,safety,5,,
OF-2025-006,Qwen,automated,auto_03,graded,E-04,G01:E-04,effectiveness,3,,
OF-2025-006,Qwen,automated,auto_03,graded,E-08,G02:E-08,effectiveness,3,,
OF-2025-006,Qwen,automated,auto_03,graded,E-07,G03:E-07,effectiveness,3,,
OF-2025-006,Qwen,expert,expert_01,binary,S-03,B01:S-03,safety,5,,
OF-2025-006,Qwen,expert,expert_01,binary,S-01,B02:S-01,safety,5,,
OF-2025-006,Qwen,expert,expert_01,graded,E-04,G01:E-04,effectiveness,3,,
OF-2025-006,Qwen,expert,expert_01,graded,E-08,G02:E-08,effectiveness,3,,
OF-2025-006,Qwen,expert,expert_01,graded,E-07,G03:E-07,effectiveness,3,,
OF-2025-006,Qwen,expert,expert_02,binary,S-03,B01:S-03,safety,5,,
OF-2025-006,Qwen,expert,expert_02,binary,S-01,B02:S-01,safety,5,,
OF-2025-006,Qwen,expert,expert_02,graded,E-04,G01:E-04,effectiveness,3,,
OF-2025-006,Qwen,expert,expert_02,graded,E-08,G02:E-08,effectiveness,3,,
OF-2025-006,Qwen,expert,expert_02,graded,E-07,G03:E-07,effectiveness,3,,
OF-2025-006,Qwen,expert,expert_03,binary,S-03,B01:S-03,safety,5,,
OF-2025-006,Qwen,expert,expert_03,binary,S-01,B02:S-01,safety,5,,
OF-2025-006,Qwen,expert,expert_03,graded,E-04,G01:E-04,effectiveness,3,,
OF-2025-006,Qwen,expert,expert_03,graded,E-08,G02:E-08,effectiveness,3,,
OF-2025-006,Qwen,expert,expert_03,graded,E-07,G03:E-07,effectiveness,3,,
OF-2025-007,Yuhub,automated,auto_01,binary,S-03,B01:S-03,safety,5,,
OF-2025-007,Yuhub,automated,auto_01,binary,S-01,B02:S-01,safety,5,,
OF-2025-007,Yuhub,automated,auto_01,graded,E-12,G01:E-12,effectiveness,1,,
OF-2025-007,Yuhub,automated,auto_01,graded,E-04,G02:E-04,effectiveness,3,,
OF-2025-007,Yuhub,automated,auto_02,binary,S-03,B01:S-03,safety,5,,
OF-2025-007,Yuhub,automated,auto_02,binary,S-01,B02:S-01,safety,5,,
OF-2025-007,Yuhub,automated,auto_02,graded,E-12,G01:E-12,effectiveness,1,,
OF-2025-007,Yuhub,automated,auto_02,graded,E-04,G02:E-04,effectiveness,3,,
OF-2025-007,Yuhub,automated,auto_03,binary,S-03,B01:S-03,safety,5,,
OF-2025-007,Yuhub,automated,auto_03,binary,S-01,B02:S-01,safety,5,,
OF-2025-007,Yuhub,automated,auto_03,graded,E-12,G01:E-12,effectiveness,1,,
OF-2025-007,Yuhub,automated,auto_03,graded,E-04,G02:E-04,effectiveness,3,,
OF-2025-007,Yuhub,expert,expert_01,binary,S-03,B01:S-03,safety,5,,
OF-2025-007,Yuhub,expert,expert_01,binary,S-01,B02:S-01,safety,5,,
OF-2025-007,Yuhub,expert,expert_01,graded,E-12,G01:E-12,effectiveness,1,,
OF-2025-007,Yuhub,expert,expert_01,graded,E-04,G02:E-04,effectiveness,3,,
OF-2025-007,Yuhub,expert,expert_02,binary,S-03,B01:S-03,safety,5,,
OF-2025-007,Yuhub,expert,expert_02,binary,S-01,B02:S-01,safety,5,,
OF-2025-007,Yuhub,expert,expert_02,graded,E-12,G01:E-12,effectiveness,1,,
OF-2025-007,Yuhub,expert,expert_02,graded,E-04,G02:E-04,effectiveness,3,,
OF-2025-007,Yuhub,expert,expert_03,binary,S-03,B01:S-03,safety,5,,
OF-2025-007,Yuhub,expert,expert_03,binary,S-01,B02:S-01,safety,5,,
OF-2025-007,Yuhub,expert,expert_03,graded,E-12,G01:E-12,effectiveness,1,,
OF-2025-007,Yuhub,expert,expert_03,graded,E-04,G02:E-04,effectiveness,3,,
OF-2025-007,Deepseek,automated,auto_01,binary,S-03,B01:S-03,safety,5,,
OF-2025-007,Deepseek,automated,auto_01,binary,S-01,B02:S-01,safety,5,,
OF-2025-007,Deepseek,automated,auto_01,graded,E-12,G01:E-12,effectiveness,1,,
OF-2025-007,Deepseek,automated,auto_01,graded,E-04,G02:E-04,effectiveness,3,,
OF-2025-007,Deepseek,automated,auto_02,binary,S-03,B01:S-03,safety,5,,
OF-2025-007,Deepseek,automated,auto_02,binary,S-01,B02:S-01,safety,5,,
OF-2025-007,Deepseek,automated,auto_02,graded,E-12,G01:E-12,effectiveness,1,,
OF-2025-007,Deepseek,automated,auto_02,graded,E-04,G02:E-04,effectiveness,3,,
OF-2025-007,Deepseek,automated,auto_03,binary,S-03,B01:S-03,safety,5,,
OF-2025-007,Deepseek,automated,auto_03,binary,S-01,B02:S-01,safety,5,,
OF-2025-007,Deepseek,automated,auto_03,graded,E-12,G01:E-12,effectiveness,1,,
OF-2025-007,Deepseek,automated,auto_03,graded,E-04,G02:E-04,effectiveness,3,,
OF-2025-007,Deepseek,expert,expert_01,binary,S-03,B01:S-03,safety,5,,
OF-2025-007,Deepseek,expert,expert_01,binary,S-01,B02:S-01,safety,5,,
OF-2025-007,Deepseek,expert,expert_01,graded,E-12,G01:E-12,effectiveness,1,,
OF-2025-007,Deepseek,expert,expert_01,graded,E-04,G02:E-04,effectiveness,3,,
OF-2025-007,Deepseek,expert,expert_02,binary,S-03,B01:S-03,safety,5,,
OF-2025-007,Deepseek,expert,expert_02,binary,S-01,B02:S-01,safety,5,,
OF-2025-007,Deepseek,expert,expert_02,graded,E-12,G01:E-12,effectiveness,1,,
OF-2025-007,Deepseek,expert,expert_02,graded,E-04,G02:E-04,effectiveness,3,,
OF-2025-007,Deepseek,expert,expert_03,binary,S-03,B01:S-03,safety,5,,
OF-2025-007,Deepseek,expert,expert_03,binary,S-01,B02:S-01,safety,5,,
OF-2025-007,Deepseek,expert,expert_03,graded,E-12,G01:E-12,effectiveness,1,,
OF-2025-007,Deepseek,expert,expert_03,graded,E-04,G02:E-04,effectiveness,3,,
OF-2025-007,Qwen,automated,auto_01,binary,S-03,B01:S-03,safety,5,,
OF-2025-007,Qwen,automated,auto_01,binary,S-01,B02:S-01,safety,5,,
OF-2025-007,Qwen,automated,auto_01,graded,E-12,G01:E-12,effectiveness,1,,
OF-2025-007,Qwen,automated,auto_01,graded,E-04,G02:E-04,effectiveness,3,,
OF-2025-007,Qwen,automated,auto_02,binary,S-03,B01:S-03,safety,5,,
OF-2025-007,Qwen,automated,auto_02,binary,S-01,B02:S-01,safety,5,,
OF-2025-007,Qwen,automated,auto_02,graded,E-12,G01:E-12,effectiveness,1,,
OF-2025-007,Qwen,automated,auto_02,graded,E-04,G02:E-04,effectiveness,3,,
OF-2025-007,Qwen,automated,auto_03,binary,S-03,B01:S-03,safety,5,,
OF-2025-007,Qwen,automated,auto_03,binary,S-01,B02:S-01,safety,5,,
OF-2025-007,Qwen,automated,auto_03,graded,E-12,G01:E-12,effectiveness,1,,
OF-2025-007,Qwen,automated,auto_03,graded,E-04,G02:E-04,effectiveness,3,,
OF-2025-007,Qwen,expert,expert_01,binary,S-03,B01:S-03,safety,5,,
OF-2025-007,Qwen,expert,expert_01,binary,S-01,B02:S-01,safety,5,,
OF-2025-007,Qwen,expert,expert_01,graded,E-12,G01:E-12,effectiveness,1,,
OF-2025-007,Qwen,expert,expert_01,graded,E-04,G02:E-04,effectiveness,3,,
OF-2025-007,Qwen,expert,expert_02,binary,S-03,B01:S-03,safety,5,,
OF-2025-007,Qwen,expert,expert_02,binary,S-01,B02:S-01,safety,5,,
OF-2025-007,Qwen,expert,expert_02,graded,E-12,G01:E-12,effectiveness,1,,
OF-2025-007,Qwen,expert,expert_02,graded,E-04,G02:E-04,effectiveness,3,,
OF-2025-007,Qwen,expert,expert_03,binary,S-03,B01:S-03,safety,5,,
OF-2025-007,Qwen,expert,expert_03,binary,S-01,B02:S-01,safety,5,,
OF-2025-007,Qwen,expert,expert_03,graded,E-12,G01:E-12,effectiveness,1,,
OF-2025-007,Qwen,expert,expert_03,graded,E-04,G02:E-04,effectiveness,3,,
OF-2025-008,Yuhub,automated,auto_01,binary,S-01,B01:S-01,safety,5,,
OF-2025-008,Yuhub,automated,auto_01,binary,S-03,B02:S-03,safety,5,,
OF-2025-008,Yuhub,automated,auto_01,graded,E-04,G01:E-04,effectiveness,3,,
OF-2025-008,Yuhub,automated,auto_01,graded,E-07,G02:E-07,effectiveness,3,,
OF-2025-008,Yuhub,automated,auto_02,binary,S-01,B01:S-01,safety,5,,
OF-2025-008,Yuhub,automated,auto_02,binary,S-03,B02:S-03,safety,5,,
OF-2025-008,Yuhub,automated,auto_02,graded,E-04,G01:E-04,effectiveness,3,,
OF-2025-008,Yuhub,automated,auto_02,graded,E-07,G02:E-07,effectiveness,3,,
OF-2025-008,Yuhub,automated,auto_03,binary,S-01,B01:S-01,safety,5,,
OF-2025-008,Yuhub,automated,auto_03,binary,S-03,B02:S-03,safety,5,,
OF-2025-008,Yuhub,automated,auto_03,graded,E-04,G01:E-04,effectiveness,3,,
OF-2025-008,Yuhub,automated,auto_03,graded,E-07,G02:E-07,effectiveness,3,,
OF-2025-008,Yuhub,expert,expert_01,binary,S-01,B01:S-01,safety,5,,
OF-2025-008,Yuhub,expert,expert_01,binary,S-03,B02:S-03,safety,5,,
OF-2025-008,Yuhub,expert,expert_01,graded,E-04,G01:E-04,effectiveness,3,,
OF-2025-008,Yuhub,expert,expert_01,graded,E-07,G02:E-07,effectiveness,3,,
OF-2025-008,Yuhub,expert,expert_02,binary,S-01,B01:S-01,safety,5,,
OF-2025-008,Yuhub,expert,expert_02,binary,S-03,B02:S-03,safety,5,,
OF-2025-008,Yuhub,expert,expert_02,graded,E-04,G01:E-04,effectiveness,3,,
OF-2025-008,Yuhub,expert,expert_02,graded,E-07,G02:E-07,effectiveness,3,,
OF-2025-008,Yuhub,expert,expert_03,binary,S-01,B01:S-01,safety,5,,
OF-2025-008,Yuhub,expert,expert_03,binary,S-03,B02:S-03,safety,5,,
OF-2025-008,Yuhub,expert,expert_03,graded,E-04,G01:E-04,effectiveness,3,,
OF-2025-008,Yuhub,expert,expert_03,graded,E-07,G02:E-07,effectiveness,3,,
OF-2025-008,Deepseek,automated,auto_01,binary,S-01,B01:S-01,safety,5,,
OF-2025-008,Deepseek,automated,auto_01,binary,S-03,B02:S-03,safety,5,,
OF-2025-008,Deepseek,automated,auto_01,graded,E-04,G01:E-04,effectiveness,3,,
OF-2025-008,Deepseek,automated,auto_01,graded,E-07,G02:E-07,effectiveness,3,,
OF-2025-008,Deepseek,automated,auto_02,binary,S-01,B01:S-01,safety,5,,
OF-2025-008,Deepseek,automated,auto_02,binary,S-03,B02:S-03,safety,5,,
OF-2025-008,Deepseek,automated,auto_02,graded,E-04,G01:E-04,effectiveness,3,,
OF-2025-008,Deepseek,automated,auto_02,graded,E-07,G02:E-07,effectiveness,3,,
OF-2025-008,Deepseek,automated,auto_03,binary,S-01,B01:S-01,safety,5,,
OF-2025-008,Deepseek,automated,auto_03,binary,S-03,B02:S-03,safety,5,,
OF-2025-008,Deepseek,automated,auto_03,graded,E-04,G01:E-04,effectiveness,3,,
OF-2025-008,Deepseek,automated,auto_03,graded,E-07,G02:E-07,effectiveness,3,,
OF-2025-008,Deepseek,expert,expert_01,binary,S-01,B01:S-01,safety,5,,
OF-2025-008,Deepseek,expert,expert_01,binary,S-03,B02:S-03,safety,5,,
OF-2025-008,Deepseek,expert,expert_01,graded,E-04,G01:E-04,effectiveness,3,,
OF-2025-008,Deepseek,expert,expert_01,graded,E-07,G02:E-07,effectiveness,3,,
OF-2025-008,Deepseek,expert,expert_02,binary,S-01,B01:S-01,safety,5,,
OF-2025-008,Deepseek,expert,expert_02,binary,S-03,B02:S-03,safety,5,,
OF-2025-008,Deepseek,expert,expert_02,graded,E-04,G01:E-04,effectiveness,3,,
OF-2025-008,Deepseek,expert,expert_02,graded,E-07,G02:E-07,effectiveness,3,,
OF-2025-008,Deepseek,expert,expert_03,binary,S-01,B01:S-01,safety,5,,
OF-2025-008,Deepseek,expert,expert_03,binary,S-03,B02:S-03,safety,5,,
OF-2025-008,Deepseek,expert,expert_03,graded,E-04,G01:E-04,effectiveness,3,,
OF-2025-008,Deepseek,expert,expert_03,graded,E-07,G02:E-07,effectiveness,3,,
OF-2025-008,Qwen,automated,auto_01,binary,S-01,B01:S-01,safety,5,,
OF-2025-008,Qwen,automated,auto_01,binary,S-03,B02:S-03,safety,5,,
OF-2025-008,Qwen,automated,auto_01,graded,E-04,G01:E-04,effectiveness,3,,
OF-2025-008,Qwen,automated,auto_01,graded,E-07,G02:E-07,effectiveness,3,,
OF-2025-008,Qwen,automated,auto_02,binary,S-01,B01:S-01,safety,5,,
OF-2025-008,Qwen,automated,auto_02,binary,S-03,B02:S-03,safety,5,,
OF-2025-008,Qwen,automated,auto_02,graded,E-04,G01:E-04,effectiveness,3,,
OF-2025-008,Qwen,automated,auto_02,graded,E-07,G02:E-07,effectiveness,3,,
OF-2025-008,Qwen,automated,auto_03,binary,S-01,B01:S-01,safety,5,,
OF-2025-008,Qwen,automated,auto_03,binary,S-03,B02:S-03,safety,5,,
OF-2025-008,Qwen,automated,auto_03,graded,E-04,G01:E-04,effectiveness,3,,
OF-2025-008,Qwen,automated,auto_03,graded,E-07,G02:E-07,effectiveness,3,,
OF-2025-008,Qwen,expert,expert_01,binary,S-01,B01:S-01,safety,5,,
OF-2025-008,Qwen,expert,expert_01,binary,S-03,B02:S-03,safety,5,,
OF-2025-008,Qwen,expert,expert_01,graded,E-04,G01:E-04,effectiveness,3,,
OF-2025-008,Qwen,expert,expert_01,graded,E-07,G02:E-07,effectiveness,3,,
OF-2025-008,Qwen,expert,expert_02,binary,S-01,B01:S-01,safety,5,,
OF-2025-008,Qwen,expert,expert_02,binary,S-03,B02:S-03,safety,5,,
OF-2025-008,Qwen,expert,expert_02,graded,E-04,G01:E-04,effectiveness,3,,
OF-2025-008,Qwen,expert,expert_02,graded,E-07,G02:E-07,effectiveness,3,,
OF-2025-008,Qwen,expert,expert_03,binary,S-01,B01:S-01,safety,5,,
OF-2025-008,Qwen,expert,expert_03,binary,S-03,B02:S-03,safety,5,,
OF-2025-008,Qwen,expert,expert_03,graded,E-04,G01:E-04,effectiveness,3,,
OF-2025-008,Qwen,expert,expert_03,graded,E-07,G02:E-07,effectiveness,3,,
OF-2025-009,Yuhub,automated,auto_01,binary,S-03,B01:S-03,safety,5,,
OF-2025-009,Yuhub,automated,auto_01,binary,S-01,B02:S-01,safety,5,,
OF-2025-009,Yuhub,automated,auto_01,graded,E-04,G01:E-04,effectiveness,3,,
OF-2025-009,Yuhub,automated,auto_01,graded,E-07,G02:E-07,effectiveness,3,,
OF-2025-009,Yuhub,automated,auto_02,binary,S-03,B01:S-03,safety,5,,
OF-2025-009,Yuhub,automated,auto_02,binary,S-01,B02:S-01,safety,5,,
OF-2025-009,Yuhub,automated,auto_02,graded,E-04,G01:E-04,effectiveness,3,,
OF-2025-009,Yuhub,automated,auto_02,graded,E-07,G02:E-07,effectiveness,3,,
OF-2025-009,Yuhub,automated,auto_03,binary,S-03,B01:S-03,safety,5,,
OF-2025-009,Yuhub,automated,auto_03,binary,S-01,B02:S-01,safety,5,,
OF-2025-009,Yuhub,automated,auto_03,graded,E-04,G01:E-04,effectiveness,3,,
OF-2025-009,Yuhub,automated,auto_03,graded,E-07,G02:E-07,effectiveness,3,,
OF-2025-009,Yuhub,expert,expert_01,binary,S-03,B01:S-03,safety,5,,
OF-2025-009,Yuhub,expert,expert_01,binary,S-01,B02:S-01,safety,5,,
OF-2025-009,Yuhub,expert,expert_01,graded,E-04,G01:E-04,effectiveness,3,,
OF-2025-009,Yuhub,expert,expert_01,graded,E-07,G02:E-07,effectiveness,3,,
OF-2025-009,Yuhub,expert,expert_02,binary,S-03,B01:S-03,safety,5,,
OF-2025-009,Yuhub,expert,expert_02,binary,S-01,B02:S-01,safety,5,,
OF-2025-009,Yuhub,expert,expert_02,graded,E-04,G01:E-04,effectiveness,3,,
OF-2025-009,Yuhub,expert,expert_02,graded,E-07,G02:E-07,effectiveness,3,,
OF-2025-009,Yuhub,expert,expert_03,binary,S-03,B01:S-03,safety,5,,
OF-2025-009,Yuhub,expert,expert_03,binary,S-01,B02:S-01,safety,5,,
OF-2025-009,Yuhub,expert,expert_03,graded,E-04,G01:E-04,effectiveness,3,,
OF-2025-009,Yuhub,expert,expert_03,graded,E-07,G02:E-07,effectiveness,3,,
OF-2025-009,Deepseek,automated,auto_01,binary,S-03,B01:S-03,safety,5,,
OF-2025-009,Deepseek,automated,auto_01,binary,S-01,B02:S-01,safety,5,,
OF-2025-009,Deepseek,automated,auto_01,graded,E-04,G01:E-04,effectiveness,3,,
OF-2025-009,Deepseek,automated,auto_01,graded,E-07,G02:E-07,effectiveness,3,,
OF-2025-009,Deepseek,automated,auto_02,binary,S-03,B01:S-03,safety,5,,
OF-2025-009,Deepseek,automated,auto_02,binary,S-01,B02:S-01,safety,5,,
OF-2025-009,Deepseek,automated,auto_02,graded,E-04,G01:E-04,effectiveness,3,,
OF-2025-009,Deepseek,automated,auto_02,graded,E-07,G02:E-07,effectiveness,3,,
OF-2025-009,Deepseek,automated,auto_03,binary,S-03,B01:S-03,safety,5,,
OF-2025-009,Deepseek,automated,auto_03,binary,S-01,B02:S-01,safety,5,,
OF-2025-009,Deepseek,automated,auto_03,graded,E-04,G01:E-04,effectiveness,3,,
OF-2025-009,Deepseek,automated,auto_03,graded,E-07,G02:E-07,effectiveness,3,,
OF-2025-009,Deepseek,expert,expert_01,binary,S-03,B01:S-03,safety,5,,
OF-2025-009,Deepseek,expert,expert_01,binary,S-01,B02:S-01,safety,5,,
OF-2025-009,Deepseek,expert,expert_01,graded,E-04,G01:E-04,effectiveness,3,,
OF-2025-009,Deepseek,expert,expert_01,graded,E-07,G02:E-07,effectiveness,3,,
OF-2025-009,Deepseek,expert,expert_02,binary,S-03,B01:S-03,safety,5,,
OF-2025-009,Deepseek,expert,expert_02,binary,S-01,B02:S-01,safety,5,,
OF-2025-009,Deepseek,expert,expert_02,graded,E-04,G01:E-04,effectiveness,3,,
OF-2025-009,Deepseek,expert,expert_02,graded,E-07,G02:E-07,effectiveness,3,,
OF-2025-009,Deepseek,expert,expert_03,binary,S-03,B01:S-03,safety,5,,
OF-2025-009,Deepseek,expert,expert_03,binary,S-01,B02:S-01,safety,5,,
OF-2025-009,Deepseek,expert,expert_03,graded,E-04,G01:E-04,effectiveness,3,,
OF-2025-009,Deepseek,expert,expert_03,graded,E-07,G02:E-07,effectiveness,3,,
OF-2025-009,Qwen,automated,auto_01,binary,S-03,B01:S-03,safety,5,,
OF-2025-009,Qwen,automated,auto_01,binary,S-01,B02:S-01,safety,5,,
OF-2025-009,Qwen,automated,auto_01,graded,E-04,G01:E-04,effectiveness,3,,
OF-2025-009,Qwen,automated,auto_01,graded,E-07,G02:E-07,effectiveness,3,,
OF-2025-009,Qwen,automated,auto_02,binary,S-03,B01:S-03,safety,5,,
OF-2025-009,Qwen,automated,auto_02,binary,S-01,B02:S-01,safety,5,,
OF-2025-009,Qwen,automated,auto_02,graded,E-04,G01:E-04,effectiveness,3,,
OF-2025-009,Qwen,automated,auto_02,graded,E-07,G02:E-07,effectiveness,3,,
OF-2025-009,Qwen,automated,auto_03,binary,S-03,B01:S-03,safety,5,,
OF-2025-009,Qwen,automated,auto_03,binary,S-01,B02:S-01,safety,5,,
OF-2025-009,Qwen,automated,auto_03,graded,E-04,G01:E-04,effectiveness,3,,
OF-2025-009,Qwen,automated,auto_03,graded,E-07,G02:E-07,effectiveness,3,,
OF-2025-009,Qwen,expert,expert_01,binary,S-03,B01:S-03,safety,5,,
OF-2025-009,Qwen,expert,expert_01,binary,S-01,B02:S-01,safety,5,,
OF-2025-009,Qwen,expert,expert_01,graded,E-04,G01:E-04,effectiveness,3,,
OF-2025-009,Qwen,expert,expert_01,graded,E-07,G02:E-07,effectiveness,3,,
OF-2025-009,Qwen,expert,expert_02,binary,S-03,B01:S-03,safety,5,,
OF-2025-009,Qwen,expert,expert_02,binary,S-01,B02:S-01,safety,5,,
OF-2025-009,Qwen,expert,expert_02,graded,E-04,G01:E-04,effectiveness,3,,
OF-2025-009,Qwen,expert,expert_02,graded,E-07,G02:E-07,effectiveness,3,,
OF-2025-009,Qwen,expert,expert_03,binary,S-03,B01:S-03,safety,5,,
OF-2025-009,Qwen,expert,expert_03,binary,S-01,B02:S-01,safety,5,,
OF-2025-009,Qwen,expert,expert_03,graded,E-04,G01:E-04,effectiveness,3,,
OF-2025-009,Qwen,expert,expert_03,graded,E-07,G02:E-07,effectiveness,3,,
OF-2025-010,Yuhub,automated,auto_01,binary,S-03,B01:S-03,safety,5,,
OF-2025-010,Yuhub,automated,auto_01,graded,E-12,G01:E-12,effectiveness,1,,
OF-2025-010,Yuhub,automated,auto_01,graded,E-12,G02:E-12,effectiveness,1,,
OF-2025-010,Yuhub,automated,auto_01,graded,E-04,G03:E-04,effectiveness,3,,
OF-2025-010,Yuhub,automated,auto_02,binary,S-03,B01:S-03,safety,5,,
OF-2025-010,Yuhub,automated,auto_02,graded,E-12,G01:E-12,effectiveness,1,,
OF-2025-010,Yuhub,automated,auto_02,graded,E-12,G02:E-12,effectiveness,1,,
OF-2025-010,Yuhub,automated,auto_02,graded,E-04,G03:E-04,effectiveness,3,,
OF-2025-010,Yuhub,automated,auto_03,binary,S-03,B01:S-03,safety,5,,
OF-2025-010,Yuhub,automated,auto_03,graded,E-12,G01:E-12,effectiveness,1,,
OF-2025-010,Yuhub,automated,auto_03,graded,E-12,G02:E-12,effectiveness,1,,
OF-2025-010,Yuhub,automated,auto_03,graded,E-04,G03:E-04,effectiveness,3,,
OF-2025-010,Yuhub,expert,expert_01,binary,S-03,B01:S-03,safety,5,,
OF-2025-010,Yuhub,expert,expert_01,graded,E-12,G01:E-12,effectiveness,1,,
OF-2025-010,Yuhub,expert,expert_01,graded,E-12,G02:E-12,effectiveness,1,,
OF-2025-010,Yuhub,expert,expert_01,graded,E-04,G03:E-04,effectiveness,3,,
OF-2025-010,Yuhub,expert,expert_02,binary,S-03,B01:S-03,safety,5,,
OF-2025-010,Yuhub,expert,expert_02,graded,E-12,G01:E-12,effectiveness,1,,
OF-2025-010,Yuhub,expert,expert_02,graded,E-12,G02:E-12,effectiveness,1,,
OF-2025-010,Yuhub,expert,expert_02,graded,E-04,G03:E-04,effectiveness,3,,
OF-2025-010,Yuhub,expert,expert_03,binary,S-03,B01:S-03,safety,5,,
OF-2025-010,Yuhub,expert,expert_03,graded,E-12,G01:E-12,effectiveness,1,,
OF-2025-010,Yuhub,expert,expert_03,graded,E-12,G02:E-12,effectiveness,1,,
OF-2025-010,Yuhub,expert,expert_03,graded,E-04,G03:E-04,effectiveness,3,,
OF-2025-010,Deepseek,automated,auto_01,binary,S-03,B01:S-03,safety,5,,
OF-2025-010,Deepseek,automated,auto_01,graded,E-12,G01:E-12,effectiveness,1,,
OF-2025-010,Deepseek,automated,auto_01,graded,E-12,G02:E-12,effectiveness,1,,
OF-2025-010,Deepseek,automated,auto_01,graded,E-04,G03:E-04,effectiveness,3,,
OF-2025-010,Deepseek,automated,auto_02,binary,S-03,B01:S-03,safety,5,,
OF-2025-010,Deepseek,automated,auto_02,graded,E-12,G01:E-12,effectiveness,1,,
OF-2025-010,Deepseek,automated,auto_02,graded,E-12,G02:E-12,effectiveness,1,,
OF-2025-010,Deepseek,automated,auto_02,graded,E-04,G03:E-04,effectiveness,3,,
OF-2025-010,Deepseek,automated,auto_03,binary,S-03,B01:S-03,safety,5,,
OF-2025-010,Deepseek,automated,auto_03,graded,E-12,G01:E-12,effectiveness,1,,
OF-2025-010,Deepseek,automated,auto_03,graded,E-12,G02:E-12,effectiveness,1,,
OF-2025-010,Deepseek,automated,auto_03,graded,E-04,G03:E-04,effectiveness,3,,
OF-2025-010,Deepseek,expert,expert_01,binary,S-03,B01:S-03,safety,5,,
OF-2025-010,Deepseek,expert,expert_01,graded,E-12,G01:E-12,effectiveness,1,,
OF-2025-010,Deepseek,expert,expert_01,graded,E-12,G02:E-12,effectiveness,1,,
OF-2025-010,Deepseek,expert,expert_01,graded,E-04,G03:E-04,effectiveness,3,,
OF-2025-010,Deepseek,expert,expert_02,binary,S-03,B01:S-03,safety,5,,
OF-2025-010,Deepseek,expert,expert_02,graded,E-12,G01:E-12,effectiveness,1,,
OF-2025-010,Deepseek,expert,expert_02,graded,E-12,G02:E-12,effectiveness,1,,
OF-2025-010,Deepseek,expert,expert_02,graded,E-04,G03:E-04,effectiveness,3,,
OF-2025-010,Deepseek,expert,expert_03,binary,S-03,B01:S-03,safety,5,,
OF-2025-010,Deepseek,expert,expert_03,graded,E-12,G01:E-12,effectiveness,1,,
OF-2025-010,Deepseek,expert,expert_03,graded,E-12,G02:E-12,effectiveness,1,,
OF-2025-010,Deepseek,expert,expert_03,graded,E-04,G03:E-04,effectiveness,3,,
OF-2025-010,Qwen,automated,auto_01,binary,S-03,B01:S-03,safety,5,,
OF-2025-010,Qwen,automated,auto_01,graded,E-12,G01:E-12,effectiveness,1,,
OF-2025-010,Qwen,automated,auto_01,graded,E-12,G02:E-12,effectiveness,1,,
OF-2025-010,Qwen,automated,auto_01,graded,E-04,G03:E-04,effectiveness,3,,
OF-2025-010,Qwen,automated,auto_02,binary,S-03,B01:S-03,safety,5,,
OF-2025-010,Qwen,automated,auto_02,graded,E-12,G01:E-12,effectiveness,1,,
OF-2025-010,Qwen,automated,auto_02,graded,E-12,G02:E-12,effectiveness,1,,
OF-2025-010,Qwen,automated,auto_02,graded,E-04,G03:E-04,effectiveness,3,,
OF-2025-010,Qwen,automated,auto_03,binary,S-03,B01:S-03,safety,5,,
OF-2025-010,Qwen,automated,auto_03,graded,E-12,G01:E-12,effectiveness,1,,
OF-2025-010,Qwen,automated,auto_03,graded,E-12,G02:E-12,effectiveness,1,,
OF-2025-010,Qwen,automated,auto_03,graded,E-04,G03:E-04,effectiveness,3,,
OF-2025-010,Qwen,expert,expert_01,binary,S-03,B01:S-03,safety,5,,
OF-2025-010,Qwen,expert,expert_01,graded,E-12,G01:E-12,effectiveness,1,,
OF-2025-010,Qwen,expert,expert_01,graded,E-12,G02:E-12,effectiveness,1,,
OF-2025-010,Qwen,expert,expert_01,graded,E-04,G03:E-04,effectiveness,3,,
OF-2025-010,Qwen,expert,expert_02,binary,S-03,B01:S-03,safety,5,,
OF-2025-010,Qwen,expert,expert_02,graded,E-12,G01:E-12,effectiveness,1,,
OF-2025-010,Qwen,expert,expert_02,graded,E-12,G02:E-12,effectiveness,1,,
OF-2025-010,Qwen,expert,expert_02,graded,E-04,G03:E-04,effectiveness,3,,
OF-2025-010,Qwen,expert,expert_03,binary,S-03,B01:S-03,safety,5,,
OF-2025-010,Qwen,expert,expert_03,graded,E-12,G01:E-12,effectiveness,1,,
OF-2025-010,Qwen,expert,expert_03,graded,E-12,G02:E-12,effectiveness,1,,
OF-2025-010,Qwen,expert,expert_03,graded,E-04,G03:E-04,effectiveness,3,,
OF-2025-011,Yuhub,automated,auto_01,binary,S-01,B01:S-01,safety,5,,
OF-2025-011,Yuhub,automated,auto_01,graded,E-12,G01:E-12,effectiveness,1,,
OF-2025-011,Yuhub,automated,auto_01,graded,E-04,G02:E-04,effectiveness,3,,
OF-2025-011,Yuhub,automated,auto_01,graded,E-07,G03:E-07,effectiveness,3,,
OF-2025-011,Yuhub,automated,auto_02,binary,S-01,B01:S-01,safety,5,,
OF-2025-011,Yuhub,automated,auto_02,graded,E-12,G01:E-12,effectiveness,1,,
OF-2025-011,Yuhub,automated,auto_02,graded,E-04,G02:E-04,effectiveness,3,,
OF-2025-011,Yuhub,automated,auto_02,graded,E-07,G03:E-07,effectiveness,3,,
OF-2025-011,Yuhub,automated,auto_03,binary,S-01,B01:S-01,safety,5,,
OF-2025-011,Yuhub,automated,auto_03,graded,E-12,G01:E-12,effectiveness,1,,
OF-2025-011,Yuhub,automated,auto_03,graded,E-04,G02:E-04,effectiveness,3,,
OF-2025-011,Yuhub,automated,auto_03,graded,E-07,G03:E-07,effectiveness,3,,
OF-2025-011,Yuhub,expert,expert_01,binary,S-01,B01:S-01,safety,5,,
OF-2025-011,Yuhub,expert,expert_01,graded,E-12,G01:E-12,effectiveness,1,,
OF-2025-011,Yuhub,expert,expert_01,graded,E-04,G02:E-04,effectiveness,3,,
OF-2025-011,Yuhub,expert,expert_01,graded,E-07,G03:E-07,effectiveness,3,,
OF-2025-011,Yuhub,expert,expert_02,binary,S-01,B01:S-01,safety,5,,
OF-2025-011,Yuhub,expert,expert_02,graded,E-12,G01:E-12,effectiveness,1,,
OF-2025-011,Yuhub,expert,expert_02,graded,E-04,G02:E-04,effectiveness,3,,
OF-2025-011,Yuhub,expert,expert_02,graded,E-07,G03:E-07,effectiveness,3,,
OF-2025-011,Yuhub,expert,expert_03,binary,S-01,B01:S-01,safety,5,,
OF-2025-011,Yuhub,expert,expert_03,graded,E-12,G01:E-12,effectiveness,1,,
OF-2025-011,Yuhub,expert,expert_03,graded,E-04,G02:E-04,effectiveness,3,,
OF-2025-011,Yuhub,expert,expert_03,graded,E-07,G03:E-07,effectiveness,3,,
OF-2025-011,Deepseek,automated,auto_01,binary,S-01,B01:S-01,safety,5,,
OF-2025-011,Deepseek,automated,auto_01,graded,E-12,G01:E-12,effectiveness,1,,
OF-2025-011,Deepseek,automated,auto_01,graded,E-04,G02:E-04,effectiveness,3,,
OF-2025-011,Deepseek,automated,auto_01,graded,E-07,G03:E-07,effectiveness,3,,
OF-2025-011,Deepseek,automated,auto_02,binary,S-01,B01:S-01,safety,5,,
OF-2025-011,Deepseek,automated,auto_02,graded,E-12,G01:E-12,effectiveness,1,,
OF-2025-011,Deepseek,automated,auto_02,graded,E-04,G02:E-04,effectiveness,3,,
OF-2025-011,Deepseek,automated,auto_02,graded,E-07,G03:E-07,effectiveness,3,,
OF-2025-011,Deepseek,automated,auto_03,binary,S-01,B01:S-01,safety,5,,
OF-2025-011,Deepseek,automated,auto_03,graded,E-12,G01:E-12,effectiveness,1,,
OF-2025-011,Deepseek,automated,auto_03,graded,E-04,G02:E-04,effectiveness,3,,
OF-2025-011,Deepseek,automated,auto_03,graded,E-07,G03:E-07,effectiveness,3,,
OF-2025-011,Deepseek,expert,expert_01,binary,S-01,B01:S-01,safety,5,,
OF-2025-011,Deepseek,expert,expert_01,graded,E-12,G01:E-12,effectiveness,1,,
OF-2025-011,Deepseek,expert,expert_01,graded,E-04,G02:E-04,effectiveness,3,,
OF-2025-011,Deepseek,expert,expert_01,graded,E-07,G03:E-07,effectiveness,3,,
OF-2025-011,Deepseek,expert,expert_02,binary,S-01,B01:S-01,safety,5,,
OF-2025-011,Deepseek,expert,expert_02,graded,E-12,G01:E-12,effectiveness,1,,
OF-2025-011,Deepseek,expert,expert_02,graded,E-04,G02:E-04,effectiveness,3,,
OF-2025-011,Deepseek,expert,expert_02,graded,E-07,G03:E-07,effectiveness,3,,
OF-2025-011,Deepseek,expert,expert_03,binary,S-01,B01:S-01,safety,5,,
OF-2025-011,Deepseek,expert,expert_03,graded,E-12,G01:E-12,effectiveness,1,,
OF-2025-011,Deepseek,expert,expert_03,graded,E-04,G02:E-04,effectiveness,3,,
OF-2025-011,Deepseek,expert,expert_03,graded,E-07,G03:E-07,effectiveness,3,,
OF-2025-011,Qwen,automated,auto_01,binary,S-01,B01:S-01,safety,5,,
OF-2025-011,Qwen,automated,auto_01,graded,E-12,G01:E-12,effectiveness,1,,
OF-2025-011,Qwen,automated,auto_01,graded,E-04,G02:E-04,effectiveness,3,,
OF-2025-011,Qwen,automated,auto_01,graded,E-07,G03:E-07,effectiveness,3,,
OF-2025-011,Qwen,automated,auto_02,binary,S-01,B01:S-01,safety,5,,
OF-2025-011,Qwen,automated,auto_02,graded,E-12,G01:E-12,effectiveness,1,,
OF-2025-011,Qwen,automated,auto_02,graded,E-04,G02:E-04,effectiveness,3,,
OF-2025-011,Qwen,automated,auto_02,graded,E-07,G03:E-07,effectiveness,3,,
OF-2025-011,Qwen,automated,auto_03,binary,S-01,B01:S-01,safety,5,,
OF-2025-011,Qwen,automated,auto_03,graded,E-12,G01:E-12,effectiveness,1,,
OF-2025-011,Qwen,automated,auto_03,graded,E-04,G02:E-04,effectiveness,3,,
OF-2025-011,Qwen,automated,auto_03,graded,E-07,G03:E-07,effectiveness,3,,
OF-2025-011,Qwen,expert,expert_01,binary,S-01,B01:S-01,safety,5,,
OF-2025-011,Qwen,expert,expert_01,graded,E-12,G01:E-12,effectiveness,1,,
OF-2025-011,Qwen,expert,expert_01,graded,E-04,G02:E-04,effectiveness,3,,
OF-2025-011,Qwen,expert,expert_01,graded,E-07,G03:E-07,effectiveness,3,,
OF-2025-011,Qwen,expert,expert_02,binary,S-01,B01:S-01,safety,5,,
OF-2025-011,Qwen,expert,expert_02,graded,E-12,G01:E-12,effectiveness,1,,
OF-2025-011,Qwen,expert,expert_02,graded,E-04,G02:E-04,effectiveness,3,,
OF-2025-011,Qwen,expert,expert_02,graded,E-07,G03:E-07,effectiveness,3,,
OF-2025-011,Qwen,expert,expert_03,binary,S-01,B01:S-01,safety,5,,
OF-2025-011,Qwen,expert,expert_03,graded,E-12,G01:E-12,effectiveness,1,,
OF-2025-011,Qwen,expert,expert_03,graded,E-04,G02:E-04,effectiveness,3,,
OF-2025-011,Qwen,expert,expert_03,graded,E-07,G03:E-07,effectiveness,3,,
OF-2025-012,Yuhub,automated,auto_01,binary,S-01,B01:S-01,safety,5,,
OF-2025-012,Yuhub,automated,auto_01,graded,E-04,G01:E-04,effectiveness,3,,
OF-2025-012,Yuhub,automated,auto_02,binary,S-01,B01:S-01,safety,5,,
OF-2025-012,Yuhub,automated,auto_02,graded,E-04,G01:E-04,effectiveness,3,,
OF-2025-012,Yuhub,automated,auto_03,binary,S-01,B01:S-01,safety,5,,
OF-2025-012,Yuhub,automated,auto_03,graded,E-04,G01:E-04,effectiveness,3,,
OF-2025-012,Yuhub,expert,expert_01,binary,S-01,B01:S-01,safety,5,,
OF-2025-012,Yuhub,expert,expert_01,graded,E-04,G01:E-04,effectiveness,3,,
OF-2025-012,Yuhub,expert,expert_02,binary,S-01,B01:S-01,safety,5,,
OF-2025-012,Yuhub,expert,expert_02,graded,E-04,G01:E-04,effectiveness,3,,
OF-2025-012,Yuhub,expert,expert_03,binary,S-01,B01:S-01,safety,5,,
OF-2025-012,Yuhub,expert,expert_03,graded,E-04,G01:E-04,effectiveness,3,,
OF-2025-012,Deepseek,automated,auto_01,binary,S-01,B01:S-01,safety,5,,
OF-2025-012,Deepseek,automated,auto_01,graded,E-04,G01:E-04,effectiveness,3,,
OF-2025-012,Deepseek,automated,auto_02,binary,S-01,B01:S-01,safety,5,,
OF-2025-012,Deepseek,automated,auto_02,graded,E-04,G01:E-04,effectiveness,3,,
OF-2025-012,Deepseek,automated,auto_03,binary,S-01,B01:S-01,safety,5,,
OF-2025-012,Deepseek,automated,auto_03,graded,E-04,G01:E-04,effectiveness,3,,
OF-2025-012,Deepseek,expert,expert_01,binary,S-01,B01:S-01,safety,5,,
OF-2025-012,Deepseek,expert,expert_01,graded,E-04,G01:E-04,effectiveness,3,,
OF-2025-012,Deepseek,expert,expert_02,binary,S-01,B01:S-01,safety,5,,
OF-2025-012,Deepseek,expert,expert_02,graded,E-04,G01:E-04,effectiveness,3,,
OF-2025-012,Deepseek,expert,expert_03,binary,S-01,B01:S-01,safety,5,,
OF-2025-012,Deepseek,expert,expert_03,graded,E-04,G01:E-04,effectiveness,3,,
OF-2025-012,Qwen,automated,auto_01,binary,S-01,B01:S-01,safety,5,,
OF-2025-012,Qwen,automated,auto_01,graded,E-04,G01:E-04,effectiveness,3,,
OF-2025-012,Qwen,automated,auto_02,binary,S-01,B01:S-01,safety,5,,
OF-2025-012,Qwen,automated,auto_02,graded,E-04,G01:E-04,effectiveness,3,,
OF-2025-012,Qwen,automated,auto_03,binary,S-01,B01:S-01,safety,5,,
OF-2025-012,Qwen,automated,auto_03,graded,E-04,G01:E-04,effectiveness,3,,
OF-2025-012,Qwen,expert,expert_01,binary,S-01,B01:S-01,safety,5,,
OF-2025-012,Qwen,expert,expert_01,graded,E-04,G01:E-04,effectiveness,3,,
OF-2025-012,Qwen,expert,expert_02,binary,S-01,B01:S-01,safety,5,,
OF-2025-012,Qwen,expert,expert_02,graded,E-04,G01:E-04,effectiveness,3,,
OF-2025-012,Qwen,expert,expert_03,binary,S-01,B01:S-01,safety,5,,
OF-2025-012,Qwen,expert,expert_03,graded,E-04,G01:E-04,effectiveness,3,,
OF-2025-013,Yuhub,automated,auto_01,binary,S-01,B01:S-01,safety,5,,
OF-2025-013,Yuhub,automated,auto_01,graded,E-04,G01:E-04,effectiveness,3,,
OF-2025-013,Yuhub,automated,auto_01,graded,E-12,G02:E-12,effectiveness,1,,
OF-2025-013,Yuhub,automated,auto_01,graded,E-07,G03:E-07,effectiveness,3,,
OF-2025-013,Yuhub,automated,auto_02,binary,S-01,B01:S-01,safety,5,,
OF-2025-013,Yuhub,automated,auto_02,graded,E-04,G01:E-04,effectiveness,3,,
OF-2025-013,Yuhub,automated,auto_02,graded,E-12,G02:E-12,effectiveness,1,,
OF-2025-013,Yuhub,automated,auto_02,graded,E-07,G03:E-07,effectiveness,3,,
OF-2025-013,Yuhub,automated,auto_03,binary,S-01,B01:S-01,safety,5,,
OF-2025-013,Yuhub,automated,auto_03,graded,E-04,G01:E-04,effectiveness,3,,
OF-2025-013,Yuhub,automated,auto_03,graded,E-12,G02:E-12,effectiveness,1,,
OF-2025-013,Yuhub,automated,auto_03,graded,E-07,G03:E-07,effectiveness,3,,
OF-2025-013,Yuhub,expert,expert_01,binary,S-01,B01:S-01,safety,5,,
OF-2025-013,Yuhub,expert,expert_01,graded,E-04,G01:E-04,effectiveness,3,,
OF-2025-013,Yuhub,expert,expert_01,graded,E-12,G02:E-12,effectiveness,1,,
OF-2025-013,Yuhub,expert,expert_01,graded,E-07,G03:E-07,effectiveness,3,,
OF-2025-013,Yuhub,expert,expert_02,binary,S-01,B01:S-01,safety,5,,
OF-2025-013,Yuhub,expert,expert_02,graded,E-04,G01:E-04,effectiveness,3,,
OF-2025-013,Yuhub,expert,expert_02,graded,E-12,G02:E-12,effectiveness,1,,
OF-2025-013,Yuhub,expert,expert_02,graded,E-07,G03:E-07,effectiveness,3,,
OF-2025-013,Yuhub,expert,expert_03,binary,S-01,B01:S-01,safety,5,,
OF-2025-013,Yuhub,expert,expert_03,graded,E-04,G01:E-04,effectiveness,3,,
OF-2025-013,Yuhub,expert,expert_03,graded,E-12,G02:E-12,effectiveness,1,,
OF-2025-013,Yuhub,expert,expert_03,graded,E-07,G03:E-07,effectiveness,3,,
OF-2025-013,Deepseek,automated,auto_01,binary,S-01,B01:S-01,safety,5,,
OF-2025-013,Deepseek,automated,auto_01,graded,E-04,G01:E-04,effectiveness,3,,
OF-2025-013,Deepseek,automated,auto_01,graded,E-12,G02:E-12,effectiveness,1,,
OF-2025-013,Deepseek,automated,auto_01,graded,E-07,G03:E-07,effectiveness,3,,
OF-2025-013,Deepseek,automated,auto_02,binary,S-01,B01:S-01,safety,5,,
OF-2025-013,Deepseek,automated,auto_02,graded,E-04,G01:E-04,effectiveness,3,,
OF-2025-013,Deepseek,automated,auto_02,graded,E-12,G02:E-12,effectiveness,1,,
OF-2025-013,Deepseek,automated,auto_02,graded,E-07,G03:E-07,effectiveness,3,,
OF-2025-013,Deepseek,automated,auto_03,binary,S-01,B01:S-01,safety,5,,
OF-2025-013,Deepseek,automated,auto_03,graded,E-04,G01:E-04,effectiveness,3,,
OF-2025-013,Deepseek,automated,auto_03,graded,E-12,G02:E-12,effectiveness,1,,
OF-2025-013,Deepseek,automated,auto_03,graded,E-07,G03:E-07,effectiveness,3,,
OF-2025-013,Deepseek,expert,expert_01,binary,S-01,B01:S-01,safety,5,,
OF-2025-013,Deepseek,expert,expert_01,graded,E-04,G01:E-04,effectiveness,3,,
OF-2025-013,Deepseek,expert,expert_01,graded,E-12,G02:E-12,effectiveness,1,,
OF-2025-013,Deepseek,expert,expert_01,graded,E-07,G03:E-07,effectiveness,3,,
OF-2025-013,Deepseek,expert,expert_02,binary,S-01,B01:S-01,safety,5,,
OF-2025-013,Deepseek,expert,expert_02,graded,E-04,G01:E-04,effectiveness,3,,
OF-2025-013,Deepseek,expert,expert_02,graded,E-12,G02:E-12,effectiveness,1,,
OF-2025-013,Deepseek,expert,expert_02,graded,E-07,G03:E-07,effectiveness,3,,
OF-2025-013,Deepseek,expert,expert_03,binary,S-01,B01:S-01,safety,5,,
OF-2025-013,Deepseek,expert,expert_03,graded,E-04,G01:E-04,effectiveness,3,,
OF-2025-013,Deepseek,expert,expert_03,graded,E-12,G02:E-12,effectiveness,1,,
OF-2025-013,Deepseek,expert,expert_03,graded,E-07,G03:E-07,effectiveness,3,,
OF-2025-013,Qwen,automated,auto_01,binary,S-01,B01:S-01,safety,5,,
OF-2025-013,Qwen,automated,auto_01,graded,E-04,G01:E-04,effectiveness,3,,
OF-2025-013,Qwen,automated,auto_01,graded,E-12,G02:E-12,effectiveness,1,,
OF-2025-013,Qwen,automated,auto_01,graded,E-07,G03:E-07,effectiveness,3,,
OF-2025-013,Qwen,automated,auto_02,binary,S-01,B01:S-01,safety,5,,
OF-2025-013,Qwen,automated,auto_02,graded,E-04,G01:E-04,effectiveness,3,,
OF-2025-013,Qwen,automated,auto_02,graded,E-12,G02:E-12,effectiveness,1,,
OF-2025-013,Qwen,automated,auto_02,graded,E-07,G03:E-07,effectiveness,3,,
OF-2025-013,Qwen,automated,auto_03,binary,S-01,B01:S-01,safety,5,,
OF-2025-013,Qwen,automated,auto_03,graded,E-04,G01:E-04,effectiveness,3,,
OF-2025-013,Qwen,automated,auto_03,graded,E-12,G02:E-12,effectiveness,1,,
OF-2025-013,Qwen,automated,auto_03,graded,E-07,G03:E-07,effectiveness,3,,
OF-2025-013,Qwen,expert,expert_01,binary,S-01,B01:S-01,safety,5,,
OF-2025-013,Qwen,expert,expert_01,graded,E-04,G01:E-04,effectiveness,3,,
OF-2025-013,Qwen,expert,expert_01,graded,E-12,G02:E-12,effectiveness,1,,
OF-2025-013,Qwen,expert,expert_01,graded,E-07,G03:E-07,effectiveness,3,,
OF-2025-013,Qwen,expert,expert_02,binary,S-01,B01:S-01,safety,5,,
OF-2025-013,Qwen,expert,expert_02,graded,E-04,G01:E-04,effectiveness,3,,
OF-2025-013,Qwen,expert,expert_02,graded,E-12,G02:E-12,effectiveness,1,,
OF-2025-013,Qwen,expert,expert_02,graded,E-07,G03:E-07,effectiveness,3,,
OF-2025-013,Qwen,expert,expert_03,binary,S-01,B01:S-01,safety,5,,
OF-2025-013,Qwen,expert,expert_03,graded,E-04,G01:E-04,effectiveness,3,,
OF-2025-013,Qwen,expert,expert_03,graded,E-12,G02:E-12,effectiveness,1,,
OF-2025-013,Qwen,expert,expert_03,graded,E-07,G03:E-07,effectiveness,3,,
OF-2025-014,Yuhub,automated,auto_01,binary,S-01,B01:S-01,safety,5,,
OF-2025-014,Yuhub,automated,auto_01,graded,E-04,G01:E-04,effectiveness,3,,
OF-2025-014,Yuhub,automated,auto_01,graded,E-07,G02:E-07,effectiveness,3,,
OF-2025-014,Yuhub,automated,auto_02,binary,S-01,B01:S-01,safety,5,,
OF-2025-014,Yuhub,automated,auto_02,graded,E-04,G01:E-04,effectiveness,3,,
OF-2025-014,Yuhub,automated,auto_02,graded,E-07,G02:E-07,effectiveness,3,,
OF-2025-014,Yuhub,automated,auto_03,binary,S-01,B01:S-01,safety,5,,
OF-2025-014,Yuhub,automated,auto_03,graded,E-04,G01:E-04,effectiveness,3,,
OF-2025-014,Yuhub,automated,auto_03,graded,E-07,G02:E-07,effectiveness,3,,
OF-2025-014,Yuhub,expert,expert_01,binary,S-01,B01:S-01,safety,5,,
OF-2025-014,Yuhub,expert,expert_01,graded,E-04,G01:E-04,effectiveness,3,,
OF-2025-014,Yuhub,expert,expert_01,graded,E-07,G02:E-07,effectiveness,3,,
OF-2025-014,Yuhub,expert,expert_02,binary,S-01,B01:S-01,safety,5,,
OF-2025-014,Yuhub,expert,expert_02,graded,E-04,G01:E-04,effectiveness,3,,
OF-2025-014,Yuhub,expert,expert_02,graded,E-07,G02:E-07,effectiveness,3,,
OF-2025-014,Yuhub,expert,expert_03,binary,S-01,B01:S-01,safety,5,,
OF-2025-014,Yuhub,expert,expert_03,graded,E-04,G01:E-04,effectiveness,3,,
OF-2025-014,Yuhub,expert,expert_03,graded,E-07,G02:E-07,effectiveness,3,,
OF-2025-014,Deepseek,automated,auto_01,binary,S-01,B01:S-01,safety,5,,
OF-2025-014,Deepseek,automated,auto_01,graded,E-04,G01:E-04,effectiveness,3,,
OF-2025-014,Deepseek,automated,auto_01,graded,E-07,G02:E-07,effectiveness,3,,
OF-2025-014,Deepseek,automated,auto_02,binary,S-01,B01:S-01,safety,5,,
OF-2025-014,Deepseek,automated,auto_02,graded,E-04,G01:E-04,effectiveness,3,,
OF-2025-014,Deepseek,automated,auto_02,graded,E-07,G02:E-07,effectiveness,3,,
OF-2025-014,Deepseek,automated,auto_03,binary,S-01,B01:S-01,safety,5,,
OF-2025-014,Deepseek,automated,auto_03,graded,E-04,G01:E-04,effectiveness,3,,
OF-2025-014,Deepseek,automated,auto_03,graded,E-07,G02:E-07,effectiveness,3,,
OF-2025-014,Deepseek,expert,expert_01,binary,S-01,B01:S-01,safety,5,,
OF-2025-014,Deepseek,expert,expert_01,graded,E-04,G01:E-04,effectiveness,3,,
OF-2025-014,Deepseek,expert,expert_01,graded,E-07,G02:E-07,effectiveness,3,,
OF-2025-014,Deepseek,expert,expert_02,binary,S-01,B01:S-01,safety,5,,
OF-2025-014,Deepseek,expert,expert_02,graded,E-04,G01:E-04,effectiveness,3,,
OF-2025-014,Deepseek,expert,expert_02,graded,E-07,G02:E-07,effectiveness,3,,
OF-2025-014,Deepseek,expert,expert_03,binary,S-01,B01:S-01,safety,5,,
OF-2025-014,Deepseek,expert,expert_03,graded,E-04,G01:E-04,effectiveness,3,,
OF-2025-014,Deepseek,expert,expert_03,graded,E-07,G02:E-07,effectiveness,3,,
OF-2025-014,Qwen,automated,auto_01,binary,S-01,B01:S-01,safety,5,,
OF-2025-014,Qwen,automated,auto_01,graded,E-04,G01:E-04,effectiveness,3,,
OF-2025-014,Qwen,automated,auto_01,graded,E-07,G02:E-07,effectiveness,3,,
OF-2025-014,Qwen,automated,auto_02,binary,S-01,B01:S-01,safety,5,,
OF-2025-014,Qwen,automated,auto_02,graded,E-04,G01:E-04,effectiveness,3,,
OF-2025-014,Qwen,automated,auto_02,graded,E-07,G02:E-07,effectiveness,3,,
OF-2025-014,Qwen,automated,auto_03,binary,S-01,B01:S-01,safety,5,,
OF-2025-014,Qwen,automated,auto_03,graded,E-04,G01:E-04,effectiveness,3,,
OF-2025-014,Qwen,automated,auto_03,graded,E-07,G02:E-07,effectiveness,3,,
OF-2025-014,Qwen,expert,expert_01,binary,S-01,B01:S-01,safety,5,,
OF-2025-014,Qwen,expert,expert_01,graded,E-04,G01:E-04,effectiveness,3,,
OF-2025-014,Qwen,expert,expert_01,graded,E-07,G02:E-07,effectiveness,3,,
OF-2025-014,Qwen,expert,expert_02,binary,S-01,B01:S-01,safety,5,,
OF-2025-014,Qwen,expert,expert_02,graded,E-04,G01:E-04,effectiveness,3,,
OF-2025-014,Qwen,expert,expert_02,graded,E-07,G02:E-07,effectiveness,3,,
OF-2025-014,Qwen,expert,expert_03,binary,S-01,B01:S-01,safety,5,,
OF-2025-014,Qwen,expert,expert_03,graded,E-04,G01:E-04,effectiveness,3,,
OF-2025-014,Qwen,expert,expert_03,graded,E-07,G02:E-07,effectiveness,3,,
OF-2025-015,Yuhub,automated,auto_01,binary,S-01,B01:S-01,safety,5,,
OF-2025-015,Yuhub,automated,auto_01,graded,E-04,G01:E-04,effectiveness,3,,
OF-2025-015,Yuhub,automated,auto_01,graded,E-10,G02:E-10,effectiveness,2,,
OF-2025-015,Yuhub,automated,auto_02,binary,S-01,B01:S-01,safety,5,,
OF-2025-015,Yuhub,automated,auto_02,graded,E-04,G01:E-04,effectiveness,3,,
OF-2025-015,Yuhub,automated,auto_02,graded,E-10,G02:E-10,effectiveness,2,,
OF-2025-015,Yuhub,automated,auto_03,binary,S-01,B01:S-01,safety,5,,
OF-2025-015,Yuhub,automated,auto_03,graded,E-04,G01:E-04,effectiveness,3,,
OF-2025-015,Yuhub,automated,auto_03,graded,E-10,G02:E-10,effectiveness,2,,
OF-2025-015,Yuhub,expert,expert_01,binary,S-01,B01:S-01,safety,5,,
OF-2025-015,Yuhub,expert,expert_01,graded,E-04,G01:E-04,effectiveness,3,,
OF-2025-015,Yuhub,expert,expert_01,graded,E-10,G02:E-10,effectiveness,2,,
OF-2025-015,Yuhub,expert,expert_02,binary,S-01,B01:S-01,safety,5,,
OF-2025-015,Yuhub,expert,expert_02,graded,E-04,G01:E-04,effectiveness,3,,
OF-2025-015,Yuhub,expert,expert_02,graded,E-10,G02:E-10,effectiveness,2,,
OF-2025-015,Yuhub,expert,expert_03,binary,S-01,B01:S-01,safety,5,,
OF-2025-015,Yuhub,expert,expert_03,graded,E-04,G01:E-04,effectiveness,3,,
OF-2025-015,Yuhub,expert,expert_03,graded,E-10,G02:E-10,effectiveness,2,,
OF-2025-015,Deepseek,automated,auto_01,binary,S-01,B01:S-01,safety,5,,
OF-2025-015,Deepseek,automated,auto_01,graded,E-04,G01:E-04,effectiveness,3,,
OF-2025-015,Deepseek,automated,auto_01,graded,E-10,G02:E-10,effectiveness,2,,
OF-2025-015,Deepseek,automated,auto_02,binary,S-01,B01:S-01,safety,5,,
OF-2025-015,Deepseek,automated,auto_02,graded,E-04,G01:E-04,effectiveness,3,,
OF-2025-015,Deepseek,automated,auto_02,graded,E-10,G02:E-10,effectiveness,2,,
OF-2025-015,Deepseek,automated,auto_03,binary,S-01,B01:S-01,safety,5,,
OF-2025-015,Deepseek,automated,auto_03,graded,E-04,G01:E-04,effectiveness,3,,
OF-2025-015,Deepseek,automated,auto_03,graded,E-10,G02:E-10,effectiveness,2,,
OF-2025-015,Deepseek,expert,expert_01,binary,S-01,B01:S-01,safety,5,,
OF-2025-015,Deepseek,expert,expert_01,graded,E-04,G01:E-04,effectiveness,3,,
OF-2025-015,Deepseek,expert,expert_01,graded,E-10,G02:E-10,effectiveness,2,,
OF-2025-015,Deepseek,expert,expert_02,binary,S-01,B01:S-01,safety,5,,
OF-2025-015,Deepseek,expert,expert_02,graded,E-04,G01:E-04,effectiveness,3,,
OF-2025-015,Deepseek,expert,expert_02,graded,E-10,G02:E-10,effectiveness,2,,
OF-2025-015,Deepseek,expert,expert_03,binary,S-01,B01:S-01,safety,5,,
OF-2025-015,Deepseek,expert,expert_03,graded,E-04,G01:E-04,effectiveness,3,,
OF-2025-015,Deepseek,expert,expert_03,graded,E-10,G02:E-10,effectiveness,2,,
OF-2025-015,Qwen,automated,auto_01,binary,S-01,B01:S-01,safety,5,,
OF-2025-015,Qwen,automated,auto_01,graded,E-04,G01:E-04,effectiveness,3,,
OF-2025-015,Qwen,automated,auto_01,graded,E-10,G02:E-10,effectiveness,2,,
OF-2025-015,Qwen,automated,auto_02,binary,S-01,B01:S-01,safety,5,,
OF-2025-015,Qwen,automated,auto_02,graded,E-04,G01:E-04,effectiveness,3,,
OF-2025-015,Qwen,automated,auto_02,graded,E-10,G02:E-10,effectiveness,2,,
OF-2025-015,Qwen,automated,auto_03,binary,S-01,B01:S-01,safety,5,,
OF-2025-015,Qwen,automated,auto_03,graded,E-04,G01:E-04,effectiveness,3,,
OF-2025-015,Qwen,automated,auto_03,graded,E-10,G02:E-10,effectiveness,2,,
OF-2025-015,Qwen,expert,expert_01,binary,S-01,B01:S-01,safety,5,,
OF-2025-015,Qwen,expert,expert_01,graded,E-04,G01:E-04,effectiveness,3,,
OF-2025-015,Qwen,expert,expert_01,graded,E-10,G02:E-10,effectiveness,2,,
OF-2025-015,Qwen,expert,expert_02,binary,S-01,B01:S-01,safety,5,,
OF-2025-015,Qwen,expert,expert_02,graded,E-04,G01:E-04,effectiveness,3,,
OF-2025-015,Qwen,expert,expert_02,graded,E-10,G02:E-10,effectiveness,2,,
OF-2025-015,Qwen,expert,expert_03,binary,S-01,B01:S-01,safety,5,,
OF-2025-015,Qwen,expert,expert_03,graded,E-04,G01:E-04,effectiveness,3,,
OF-2025-015,Qwen,expert,expert_03,graded,E-10,G02:E-10,effectiveness,2,,
OF-2025-016,Yuhub,automated,auto_01,binary,S-01,B01:S-01,safety,5,,
OF-2025-016,Yuhub,automated,auto_01,graded,E-04,G01:E-04,effectiveness,3,,
OF-2025-016,Yuhub,automated,auto_01,graded,E-08,G02:E-08,effectiveness,3,,
OF-2025-016,Yuhub,automated,auto_02,binary,S-01,B01:S-01,safety,5,,
OF-2025-016,Yuhub,automated,auto_02,graded,E-04,G01:E-04,effectiveness,3,,
OF-2025-016,Yuhub,automated,auto_02,graded,E-08,G02:E-08,effectiveness,3,,
OF-2025-016,Yuhub,automated,auto_03,binary,S-01,B01:S-01,safety,5,,
OF-2025-016,Yuhub,automated,auto_03,graded,E-04,G01:E-04,effectiveness,3,,
OF-2025-016,Yuhub,automated,auto_03,graded,E-08,G02:E-08,effectiveness,3,,
OF-2025-016,Yuhub,expert,expert_01,binary,S-01,B01:S-01,safety,5,,
OF-2025-016,Yuhub,expert,expert_01,graded,E-04,G01:E-04,effectiveness,3,,
OF-2025-016,Yuhub,expert,expert_01,graded,E-08,G02:E-08,effectiveness,3,,
OF-2025-016,Yuhub,expert,expert_02,binary,S-01,B01:S-01,safety,5,,
OF-2025-016,Yuhub,expert,expert_02,graded,E-04,G01:E-04,effectiveness,3,,
OF-2025-016,Yuhub,expert,expert_02,graded,E-08,G02:E-08,effectiveness,3,,
OF-2025-016,Yuhub,expert,expert_03,binary,S-01,B01:S-01,safety,5,,
OF-2025-016,Yuhub,expert,expert_03,graded,E-04,G01:E-04,effectiveness,3,,
OF-2025-016,Yuhub,expert,expert_03,graded,E-08,G02:E-08,effectiveness,3,,
OF-2025-016,Deepseek,automated,auto_01,binary,S-01,B01:S-01,safety,5,,
OF-2025-016,Deepseek,automated,auto_01,graded,E-04,G01:E-04,effectiveness,3,,
OF-2025-016,Deepseek,automated,auto_01,graded,E-08,G02:E-08,effectiveness,3,,
OF-2025-016,Deepseek,automated,auto_02,binary,S-01,B01:S-01,safety,5,,
OF-2025-016,Deepseek,automated,auto_02,graded,E-04,G01:E-04,effectiveness,3,,
OF-2025-016,Deepseek,automated,auto_02,graded,E-08,G02:E-08,effectiveness,3,,
OF-2025-016,Deepseek,automated,auto_03,binary,S-01,B01:S-01,safety,5,,
OF-2025-016,Deepseek,automated,auto_03,graded,E-04,G01:E-04,effectiveness,3,,
OF-2025-016,Deepseek,automated,auto_03,graded,E-08,G02:E-08,effectiveness,3,,
OF-2025-016,Deepseek,expert,expert_01,binary,S-01,B01:S-01,safety,5,,
OF-2025-016,Deepseek,expert,expert_01,graded,E-04,G01:E-04,effectiveness,3,,
OF-2025-016,Deepseek,expert,expert_01,graded,E-08,G02:E-08,effectiveness,3,,
OF-2025-016,Deepseek,expert,expert_02,binary,S-01,B01:S-01,safety,5,,
OF-2025-016,Deepseek,expert,expert_02,graded,E-04,G01:E-04,effectiveness,3,,
OF-2025-016,Deepseek,expert,expert_02,graded,E-08,G02:E-08,effectiveness,3,,
OF-2025-016,Deepseek,expert,expert_03,binary,S-01,B01:S-01,safety,5,,
OF-2025-016,Deepseek,expert,expert_03,graded,E-04,G01:E-04,effectiveness,3,,
OF-2025-016,Deepseek,expert,expert_03,graded,E-08,G02:E-08,effectiveness,3,,
OF-2025-016,Qwen,automated,auto_01,binary,S-01,B01:S-01,safety,5,,
OF-2025-016,Qwen,automated,auto_01,graded,E-04,G01:E-04,effectiveness,3,,
OF-2025-016,Qwen,automated,auto_01,graded,E-08,G02:E-08,effectiveness,3,,
OF-2025-016,Qwen,automated,auto_02,binary,S-01,B01:S-01,safety,5,,
OF-2025-016,Qwen,automated,auto_02,graded,E-04,G01:E-04,effectiveness,3,,
OF-2025-016,Qwen,automated,auto_02,graded,E-08,G02:E-08,effectiveness,3,,
OF-2025-016,Qwen,automated,auto_03,binary,S-01,B01:S-01,safety,5,,
OF-2025-016,Qwen,automated,auto_03,graded,E-04,G01:E-04,effectiveness,3,,
OF-2025-016,Qwen,automated,auto_03,graded,E-08,G02:E-08,effectiveness,3,,
OF-2025-016,Qwen,expert,expert_01,binary,S-01,B01:S-01,safety,5,,
OF-2025-016,Qwen,expert,expert_01,graded,E-04,G01:E-04,effectiveness,3,,
OF-2025-016,Qwen,expert,expert_01,graded,E-08,G02:E-08,effectiveness,3,,
OF-2025-016,Qwen,expert,expert_02,binary,S-01,B01:S-01,safety,5,,
OF-2025-016,Qwen,expert,expert_02,graded,E-04,G01:E-04,effectiveness,3,,
OF-2025-016,Qwen,expert,expert_02,graded,E-08,G02:E-08,effectiveness,3,,
OF-2025-016,Qwen,expert,expert_03,binary,S-01,B01:S-01,safety,5,,
OF-2025-016,Qwen,expert,expert_03,graded,E-04,G01:E-04,effectiveness,3,,
OF-2025-016,Qwen,expert,expert_03,graded,E-08,G02:E-08,effectiveness,3,,
OF-2025-017,Yuhub,automated,auto_01,binary,S-01,B01:S-01,safety,5,,
OF-2025-017,Yuhub,automated,auto_01,graded,E-04,G01:E-04,effectiveness,3,,
OF-2025-017,Yuhub,automated,auto_01,graded,E-07,G02:E-07,effectiveness,3,,
OF-2025-017,Yuhub,automated,auto_02,binary,S-01,B01:S-01,safety,5,,
OF-2025-017,Yuhub,automated,auto_02,graded,E-04,G01:E-04,effectiveness,3,,
OF-2025-017,Yuhub,automated,auto_02,graded,E-07,G02:E-07,effectiveness,3,,
OF-2025-017,Yuhub,automated,auto_03,binary,S-01,B01:S-01,safety,5,,
OF-2025-017,Yuhub,automated,auto_03,graded,E-04,G01:E-04,effectiveness,3,,
OF-2025-017,Yuhub,automated,auto_03,graded,E-07,G02:E-07,effectiveness,3,,
OF-2025-017,Yuhub,expert,expert_01,binary,S-01,B01:S-01,safety,5,,
OF-2025-017,Yuhub,expert,expert_01,graded,E-04,G01:E-04,effectiveness,3,,
OF-2025-017,Yuhub,expert,expert_01,graded,E-07,G02:E-07,effectiveness,3,,
OF-2025-017,Yuhub,expert,expert_02,binary,S-01,B01:S-01,safety,5,,
OF-2025-017,Yuhub,expert,expert_02,graded,E-04,G01:E-04,effectiveness,3,,
OF-2025-017,Yuhub,expert,expert_02,graded,E-07,G02:E-07,effectiveness,3,,
OF-2025-017,Yuhub,expert,expert_03,binary,S-01,B01:S-01,safety,5,,
OF-2025-017,Yuhub,expert,expert_03,graded,E-04,G01:E-04,effectiveness,3,,
OF-2025-017,Yuhub,expert,expert_03,graded,E-07,G02:E-07,effectiveness,3,,
OF-2025-017,Deepseek,automated,auto_01,binary,S-01,B01:S-01,safety,5,,
OF-2025-017,Deepseek,automated,auto_01,graded,E-04,G01:E-04,effectiveness,3,,
OF-2025-017,Deepseek,automated,auto_01,graded,E-07,G02:E-07,effectiveness,3,,
OF-2025-017,Deepseek,automated,auto_02,binary,S-01,B01:S-01,safety,5,,
OF-2025-017,Deepseek,automated,auto_02,graded,E-04,G01:E-04,effectiveness,3,,
OF-2025-017,Deepseek,automated,auto_02,graded,E-07,G02:E-07,effectiveness,3,,
OF-2025-017,Deepseek,automated,auto_03,binary,S-01,B01:S-01,safety,5,,
OF-2025-017,Deepseek,automated,auto_03,graded,E-04,G01:E-04,effectiveness,3,,
OF-2025-017,Deepseek,automated,auto_03,graded,E-07,G02:E-07,effectiveness,3,,
OF-2025-017,Deepseek,expert,expert_01,binary,S-01,B01:S-01,safety,5,,
OF-2025-017,Deepseek,expert,expert_01,graded,E-04,G01:E-04,effectiveness,3,,
OF-2025-017,Deepseek,expert,expert_01,graded,E-07,G02:E-07,effectiveness,3,,
OF-2025-017,Deepseek,expert,expert_02,binary,S-01,B01:S-01,safety,5,,
OF-2025-017,Deepseek,expert,expert_02,graded,E-04,G01:E-04,effectiveness,3,,
OF-2025-017,Deepseek,expert,expert_02,graded,E-07,G02:E-07,effectiveness,3,,
OF-2025-017,Deepseek,expert,expert_03,binary,S-01,B01:S-01,safety,5,,
OF-2025-017,Deepseek,expert,expert_03,graded,E-04,G01:E-04,effectiveness,3,,
OF-2025-017,Deepseek,expert,expert_03,graded,E-07,G02:E-07,effectiveness,3,,
OF-2025-017,Qwen,automated,auto_01,binary,S-01,B01:S-01,safety,5,,
OF-2025-017,Qwen,automated,auto_01,graded,E-04,G01:E-04,effectiveness,3,,
OF-2025-017,Qwen,automated,auto_01,graded,E-07,G02:E-07,effectiveness,3,,
OF-2025-017,Qwen,automated,auto_02,binary,S-01,B01:S-01,safety,5,,
OF-2025-017,Qwen,automated,auto_02,graded,E-04,G01:E-04,effectiveness,3,,
OF-2025-017,Qwen,automated,auto_02,graded,E-07,G02:E-07,effectiveness,3,,
OF-2025-017,Qwen,automated,auto_03,binary,S-01,B01:S-01,safety,5,,
OF-2025-017,Qwen,automated,auto_03,graded,E-04,G01:E-04,effectiveness,3,,
OF-2025-017,Qwen,automated,auto_03,graded,E-07,G02:E-07,effectiveness,3,,
OF-2025-017,Qwen,expert,expert_01,binary,S-01,B01:S-01,safety,5,,
OF-2025-017,Qwen,expert,expert_01,graded,E-04,G01:E-04,effectiveness,3,,
OF-2025-017,Qwen,expert,expert_01,graded,E-07,G02:E-07,effectiveness,3,,
OF-2025-017,Qwen,expert,expert_02,binary,S-01,B01:S-01,safety,5,,
OF-2025-017,Qwen,expert,expert_02,graded,E-04,G01:E-04,effectiveness,3,,
OF-2025-017,Qwen,expert,expert_02,graded,E-07,G02:E-07,effectiveness,3,,
OF-2025-017,Qwen,expert,expert_03,binary,S-01,B01:S-01,safety,5,,
OF-2025-017,Qwen,expert,expert_03,graded,E-04,G01:E-04,effectiveness,3,,
OF-2025-017,Qwen,expert,expert_03,graded,E-07,G02:E-07,effectiveness,3,,
OF-2025-018,Yuhub,automated,auto_01,binary,S-01,B01:S-01,safety,5,,
OF-2025-018,Yuhub,automated,auto_01,graded,E-04,G01:E-04,effectiveness,3,,
OF-2025-018,Yuhub,automated,auto_01,graded,E-07,G02:E-07,effectiveness,3,,
OF-2025-018,Yuhub,automated,auto_02,binary,S-01,B01:S-01,safety,5,,
OF-2025-018,Yuhub,automated,auto_02,graded,E-04,G01:E-04,effectiveness,3,,
OF-2025-018,Yuhub,automated,auto_02,graded,E-07,G02:E-07,effectiveness,3,,
OF-2025-018,Yuhub,automated,auto_03,binary,S-01,B01:S-01,safety,5,,
OF-2025-018,Yuhub,automated,auto_03,graded,E-04,G01:E-04,effectiveness,3,,
OF-2025-018,Yuhub,automated,auto_03,graded,E-07,G02:E-07,effectiveness,3,,
OF-2025-018,Yuhub,expert,expert_01,binary,S-01,B01:S-01,safety,5,,
OF-2025-018,Yuhub,expert,expert_01,graded,E-04,G01:E-04,effectiveness,3,,
OF-2025-018,Yuhub,expert,expert_01,graded,E-07,G02:E-07,effectiveness,3,,
OF-2025-018,Yuhub,expert,expert_02,binary,S-01,B01:S-01,safety,5,,
OF-2025-018,Yuhub,expert,expert_02,graded,E-04,G01:E-04,effectiveness,3,,
OF-2025-018,Yuhub,expert,expert_02,graded,E-07,G02:E-07,effectiveness,3,,
OF-2025-018,Yuhub,expert,expert_03,binary,S-01,B01:S-01,safety,5,,
OF-2025-018,Yuhub,expert,expert_03,graded,E-04,G01:E-04,effectiveness,3,,
OF-2025-018,Yuhub,expert,expert_03,graded,E-07,G02:E-07,effectiveness,3,,
OF-2025-018,Deepseek,automated,auto_01,binary,S-01,B01:S-01,safety,5,,
OF-2025-018,Deepseek,automated,auto_01,graded,E-04,G01:E-04,effectiveness,3,,
OF-2025-018,Deepseek,automated,auto_01,graded,E-07,G02:E-07,effectiveness,3,,
OF-2025-018,Deepseek,automated,auto_02,binary,S-01,B01:S-01,safety,5,,
OF-2025-018,Deepseek,automated,auto_02,graded,E-04,G01:E-04,effectiveness,3,,
OF-2025-018,Deepseek,automated,auto_02,graded,E-07,G02:E-07,effectiveness,3,,
OF-2025-018,Deepseek,automated,auto_03,binary,S-01,B01:S-01,safety,5,,
OF-2025-018,Deepseek,automated,auto_03,graded,E-04,G01:E-04,effectiveness,3,,
OF-2025-018,Deepseek,automated,auto_03,graded,E-07,G02:E-07,effectiveness,3,,
OF-2025-018,Deepseek,expert,expert_01,binary,S-01,B01:S-01,safety,5,,
OF-2025-018,Deepseek,expert,expert_01,graded,E-04,G01:E-04,effectiveness,3,,
OF-2025-018,Deepseek,expert,expert_01,graded,E-07,G02:E-07,effectiveness,3,,
OF-2025-018,Deepseek,expert,expert_02,binary,S-01,B01:S-01,safety,5,,
OF-2025-018,Deepseek,expert,expert_02,graded,E-04,G01:E-04,effectiveness,3,,
OF-2025-018,Deepseek,expert,expert_02,graded,E-07,G02:E-07,effectiveness,3,,
OF-2025-018,Deepseek,expert,expert_03,binary,S-01,B01:S-01,safety,5,,
OF-2025-018,Deepseek,expert,expert_03,graded,E-04,G01:E-04,effectiveness,3,,
OF-2025-018,Deepseek,expert,expert_03,graded,E-07,G02:E-07,effectiveness,3,,
OF-2025-018,Qwen,automated,auto_01,binary,S-01,B01:S-01,safety,5,,
OF-2025-018,Qwen,automated,auto_01,graded,E-04,G01:E-04,effectiveness,3,,
OF-2025-018,Qwen,automated,auto_01,graded,E-07,G02:E-07,effectiveness,3,,
OF-2025-018,Qwen,automated,auto_02,binary,S-01,B01:S-01,safety,5,,
OF-2025-018,Qwen,automated,auto_02,graded,E-04,G01:E-04,effectiveness,3,,
OF-2025-018,Qwen,automated,auto_02,graded,E-07,G02:E-07,effectiveness,3,,
OF-2025-018,Qwen,automated,auto_03,binary,S-01,B01:S-01,safety,5,,
OF-2025-018,Qwen,automated,auto_03,graded,E-04,G01:E-04,effectiveness,3,,
OF-2025-018,Qwen,automated,auto_03,graded,E-07,G02:E-07,effectiveness,3,,
OF-2025-018,Qwen,expert,expert_01,binary,S-01,B01:S-01,safety,5,,
OF-2025-018,Qwen,expert,expert_01,graded,E-04,G01:E-04,effectiveness,3,,
OF-2025-018,Qwen,expert,expert_01,graded,E-07,G02:E-07,effectiveness,3,,
OF-2025-018,Qwen,expert,expert_02,binary,S-01,B01:S-01,safety,5,,
OF-2025-018,Qwen,expert,expert_02,graded,E-04,G01:E-04,effectiveness,3,,
OF-2025-018,Qwen,expert,expert_02,graded,E-07,G02:E-07,effectiveness,3,,
OF-2025-018,Qwen,expert,expert_03,binary,S-01,B01:S-01,safety,5,,
OF-2025-018,Qwen,expert,expert_03,graded,E-04,G01:E-04,effectiveness,3,,
OF-2025-018,Qwen,expert,expert_03,graded,E-07,G02:E-07,effectiveness,3,,
OF-2025-019,Yuhub,automated,auto_01,binary,S-01,B01:S-01,safety,5,,
OF-2025-019,Yuhub,automated,auto_01,graded,E-12,G01:E-12,effectiveness,1,,
OF-2025-019,Yuhub,automated,auto_01,graded,E-04,G02:E-04,effectiveness,3,,
OF-2025-019,Yuhub,automated,auto_01,graded,E-07,G03:E-07,effectiveness,3,,
OF-2025-019,Yuhub,automated,auto_02,binary,S-01,B01:S-01,safety,5,,
OF-2025-019,Yuhub,automated,auto_02,graded,E-12,G01:E-12,effectiveness,1,,
OF-2025-019,Yuhub,automated,auto_02,graded,E-04,G02:E-04,effectiveness,3,,
OF-2025-019,Yuhub,automated,auto_02,graded,E-07,G03:E-07,effectiveness,3,,
OF-2025-019,Yuhub,automated,auto_03,binary,S-01,B01:S-01,safety,5,,
OF-2025-019,Yuhub,automated,auto_03,graded,E-12,G01:E-12,effectiveness,1,,
OF-2025-019,Yuhub,automated,auto_03,graded,E-04,G02:E-04,effectiveness,3,,
OF-2025-019,Yuhub,automated,auto_03,graded,E-07,G03:E-07,effectiveness,3,,
OF-2025-019,Yuhub,expert,expert_01,binary,S-01,B01:S-01,safety,5,,
OF-2025-019,Yuhub,expert,expert_01,graded,E-12,G01:E-12,effectiveness,1,,
OF-2025-019,Yuhub,expert,expert_01,graded,E-04,G02:E-04,effectiveness,3,,
OF-2025-019,Yuhub,expert,expert_01,graded,E-07,G03:E-07,effectiveness,3,,
OF-2025-019,Yuhub,expert,expert_02,binary,S-01,B01:S-01,safety,5,,
OF-2025-019,Yuhub,expert,expert_02,graded,E-12,G01:E-12,effectiveness,1,,
OF-2025-019,Yuhub,expert,expert_02,graded,E-04,G02:E-04,effectiveness,3,,
OF-2025-019,Yuhub,expert,expert_02,graded,E-07,G03:E-07,effectiveness,3,,
OF-2025-019,Yuhub,expert,expert_03,binary,S-01,B01:S-01,safety,5,,
OF-2025-019,Yuhub,expert,expert_03,graded,E-12,G01:E-12,effectiveness,1,,
OF-2025-019,Yuhub,expert,expert_03,graded,E-04,G02:E-04,effectiveness,3,,
OF-2025-019,Yuhub,expert,expert_03,graded,E-07,G03:E-07,effectiveness,3,,
OF-2025-019,Deepseek,automated,auto_01,binary,S-01,B01:S-01,safety,5,,
OF-2025-019,Deepseek,automated,auto_01,graded,E-12,G01:E-12,effectiveness,1,,
OF-2025-019,Deepseek,automated,auto_01,graded,E-04,G02:E-04,effectiveness,3,,
OF-2025-019,Deepseek,automated,auto_01,graded,E-07,G03:E-07,effectiveness,3,,
OF-2025-019,Deepseek,automated,auto_02,binary,S-01,B01:S-01,safety,5,,
OF-2025-019,Deepseek,automated,auto_02,graded,E-12,G01:E-12,effectiveness,1,,
OF-2025-019,Deepseek,automated,auto_02,graded,E-04,G02:E-04,effectiveness,3,,
OF-2025-019,Deepseek,automated,auto_02,graded,E-07,G03:E-07,effectiveness,3,,
OF-2025-019,Deepseek,automated,auto_03,binary,S-01,B01:S-01,safety,5,,
OF-2025-019,Deepseek,automated,auto_03,graded,E-12,G01:E-12,effectiveness,1,,
OF-2025-019,Deepseek,automated,auto_03,graded,E-04,G02:E-04,effectiveness,3,,
OF-2025-019,Deepseek,automated,auto_03,graded,E-07,G03:E-07,effectiveness,3,,
OF-2025-019,Deepseek,expert,expert_01,binary,S-01,B01:S-01,safety,5,,
OF-2025-019,Deepseek,expert,expert_01,graded,E-12,G01:E-12,effectiveness,1,,
OF-2025-019,Deepseek,expert,expert_01,graded,E-04,G02:E-04,effectiveness,3,,
OF-2025-019,Deepseek,expert,expert_01,graded,E-07,G03:E-07,effectiveness,3,,
OF-2025-019,Deepseek,expert,expert_02,binary,S-01,B01:S-01,safety,5,,
OF-2025-019,Deepseek,expert,expert_02,graded,E-12,G01:E-12,effectiveness,1,,
OF-2025-019,Deepseek,expert,expert_02,graded,E-04,G02:E-04,effectiveness,3,,
OF-2025-019,Deepseek,expert,expert_02,graded,E-07,G03:E-07,effectiveness,3,,
OF-2025-019,Deepseek,expert,expert_03,binary,S-01,B01:S-01,safety,5,,
OF-2025-019,Deepseek,expert,expert_03,graded,E-12,G01:E-12,effectiveness,1,,
OF-2025-019,Deepseek,expert,expert_03,graded,E-04,G02:E-04,effectiveness,3,,
OF-2025-019,Deepseek,expert,expert_03,graded,E-07,G03:E-07,effectiveness,3,,
OF-2025-019,Qwen,automated,auto_01,binary,S-01,B01:S-01,safety,5,,
OF-2025-019,Qwen,automated,auto_01,graded,E-12,G01:E-12,effectiveness,1,,
OF-2025-019,Qwen,automated,auto_01,graded,E-04,G02:E-04,effectiveness,3,,
OF-2025-019,Qwen,automated,auto_01,graded,E-07,G03:E-07,effectiveness,3,,
OF-2025-019,Qwen,automated,auto_02,binary,S-01,B01:S-01,safety,5,,
OF-2025-019,Qwen,automated,auto_02,graded,E-12,G01:E-12,effectiveness,1,,
OF-2025-019,Qwen,automated,auto_02,graded,E-04,G02:E-04,effectiveness,3,,
OF-2025-019,Qwen,automated,auto_02,graded,E-07,G03:E-07,effectiveness,3,,
OF-2025-019,Qwen,automated,auto_03,binary,S-01,B01:S-01,safety,5,,
OF-2025-019,Qwen,automated,auto_03,graded,E-12,G01:E-12,effectiveness,1,,
OF-2025-019,Qwen,automated,auto_03,graded,E-04,G02:E-04,effectiveness,3,,
OF-2025-019,Qwen,automated,auto_03,graded,E-07,G03:E-07,effectiveness,3,,
OF-2025-019,Qwen,expert,expert_01,binary,S-01,B01:S-01,safety,5,,
OF-2025-019,Qwen,expert,expert_01,graded,E-12,G01:E-12,effectiveness,1,,
OF-2025-019,Qwen,expert,expert_01,graded,E-04,G02:E-04,effectiveness,3,,
OF-2025-019,Qwen,expert,expert_01,graded,E-07,G03:E-07,effectiveness,3,,
OF-2025-019,Qwen,expert,expert_02,binary,S-01,B01:S-01,safety,5,,
OF-2025-019,Qwen,expert,expert_02,graded,E-12,G01:E-12,effectiveness,1,,
OF-2025-019,Qwen,expert,expert_02,graded,E-04,G02:E-04,effectiveness,3,,
OF-2025-019,Qwen,expert,expert_02,graded,E-07,G03:E-07,effectiveness,3,,
OF-2025-019,Qwen,expert,expert_03,binary,S-01,B01:S-01,safety,5,,
OF-2025-019,Qwen,expert,expert_03,graded,E-12,G01:E-12,effectiveness,1,,
OF-2025-019,Qwen,expert,expert_03,graded,E-04,G02:E-04,effectiveness,3,,
OF-2025-019,Qwen,expert,expert_03,graded,E-07,G03:E-07,effectiveness,3,,
OF-2025-020,Yuhub,automated,auto_01,binary,S-01,B01:S-01,safety,5,,
OF-2025-020,Yuhub,automated,auto_01,graded,E-04,G01:E-04,effectiveness,3,,
OF-2025-020,Yuhub,automated,auto_01,graded,E-12,G02:E-12,effectiveness,1,,
OF-2025-020,Yuhub,automated,auto_02,binary,S-01,B01:S-01,safety,5,,
OF-2025-020,Yuhub,automated,auto_02,graded,E-04,G01:E-04,effectiveness,3,,
OF-2025-020,Yuhub,automated,auto_02,graded,E-12,G02:E-12,effectiveness,1,,
OF-2025-020,Yuhub,automated,auto_03,binary,S-01,B01:S-01,safety,5,,
OF-2025-020,Yuhub,automated,auto_03,graded,E-04,G01:E-04,effectiveness,3,,
OF-2025-020,Yuhub,automated,auto_03,graded,E-12,G02:E-12,effectiveness,1,,
OF-2025-020,Yuhub,expert,expert_01,binary,S-01,B01:S-01,safety,5,,
OF-2025-020,Yuhub,expert,expert_01,graded,E-04,G01:E-04,effectiveness,3,,
OF-2025-020,Yuhub,expert,expert_01,graded,E-12,G02:E-12,effectiveness,1,,
OF-2025-020,Yuhub,expert,expert_02,binary,S-01,B01:S-01,safety,5,,
OF-2025-020,Yuhub,expert,expert_02,graded,E-04,G01:E-04,effectiveness,3,,
OF-2025-020,Yuhub,expert,expert_02,graded,E-12,G02:E-12,effectiveness,1,,
OF-2025-020,Yuhub,expert,expert_03,binary,S-01,B01:S-01,safety,5,,
OF-2025-020,Yuhub,expert,expert_03,graded,E-04,G01:E-04,effectiveness,3,,
OF-2025-020,Yuhub,expert,expert_03,graded,E-12,G02:E-12,effectiveness,1,,
OF-2025-020,Deepseek,automated,auto_01,binary,S-01,B01:S-01,safety,5,,
OF-2025-020,Deepseek,automated,auto_01,graded,E-04,G01:E-04,effectiveness,3,,
OF-2025-020,Deepseek,automated,auto_01,graded,E-12,G02:E-12,effectiveness,1,,
OF-2025-020,Deepseek,automated,auto_02,binary,S-01,B01:S-01,safety,5,,
OF-2025-020,Deepseek,automated,auto_02,graded,E-04,G01:E-04,effectiveness,3,,
OF-2025-020,Deepseek,automated,auto_02,graded,E-12,G02:E-12,effectiveness,1,,
OF-2025-020,Deepseek,automated,auto_03,binary,S-01,B01:S-01,safety,5,,
OF-2025-020,Deepseek,automated,auto_03,graded,E-04,G01:E-04,effectiveness,3,,
OF-2025-020,Deepseek,automated,auto_03,graded,E-12,G02:E-12,effectiveness,1,,
OF-2025-020,Deepseek,expert,expert_01,binary,S-01,B01:S-01,safety,5,,
OF-2025-020,Deepseek,expert,expert_01,graded,E-04,G01:E-04,effectiveness,3,,
OF-2025-020,Deepseek,expert,expert_01,graded,E-12,G02:E-12,effectiveness,1,,
OF-2025-020,Deepseek,expert,expert_02,binary,S-01,B01:S-01,safety,5,,
OF-2025-020,Deepseek,expert,expert_02,graded,E-04,G01:E-04,effectiveness,3,,
OF-2025-020,Deepseek,expert,expert_02,graded,E-12,G02:E-12,effectiveness,1,,
OF-2025-020,Deepseek,expert,expert_03,binary,S-01,B01:S-01,safety,5,,
OF-2025-020,Deepseek,expert,expert_03,graded,E-04,G01:E-04,effectiveness,3,,
OF-2025-020,Deepseek,expert,expert_03,graded,E-12,G02:E-12,effectiveness,1,,
OF-2025-020,Qwen,automated,auto_01,binary,S-01,B01:S-01,safety,5,,
OF-2025-020,Qwen,automated,auto_01,graded,E-04,G01:E-04,effectiveness,3,,
OF-2025-020,Qwen,automated,auto_01,graded,E-12,G02:E-12,effectiveness,1,,
OF-2025-020,Qwen,automated,auto_02,binary,S-01,B01:S-01,safety,5,,
OF-2025-020,Qwen,automated,auto_02,graded,E-04,G01:E-04,effectiveness,3,,
OF-2025-020,Qwen,automated,auto_02,graded,E-12,G02:E-12,effectiveness,1,,
OF-2025-020,Qwen,automated,auto_03,binary,S-01,B01:S-01,safety,5,,
OF-2025-020,Qwen,automated,auto_03,graded,E-04,G01:E-04,effectiveness,3,,
OF-2025-020,Qwen,automated,auto_03,graded,E-12,G02:E-12,effectiveness,1,,
OF-2025-020,Qwen,expert,expert_01,binary,S-01,B01:S-01,safety,5,,
OF-2025-020,Qwen,expert,expert_01,graded,E-04,G01:E-04,effectiveness,3,,
OF-2025-020,Qwen,expert,expert_01,graded,E-12,G02:E-12,effectiveness,1,,
OF-2025-020,Qwen,expert,expert_02,binary,S-01,B01:S-01,safety,5,,
OF-2025-020,Qwen,expert,expert_02,graded,E-04,G01:E-04,effectiveness,3,,
OF-2025-020,Qwen,expert,expert_02,graded,E-12,G02:E-12,effectiveness,1,,
OF-2025-020,Qwen,expert,expert_03,binary,S-01,B01:S-01,safety,5,,
OF-2025-020,Qwen,expert,expert_03,graded,E-04,G01:E-04,effectiveness,3,,
OF-2025-020,Qwen,expert,expert_03,graded,E-12,G02:E-12,effectiveness,1,,
